회사명,업종 (대),업종 (소),순이익 21년 1Q,순이익 20년 4Q,순이익 20년 3Q,코드 번호
삼성중공업,조선,조선,"-5,342 ","-5,511 ",-55 ,A010140
SK이노베이션,석유 및 가스,정유,"-3,762 ","-2,393 ",-237 ,A096770
아시아나항공,운송 및 물류,항공운송,"-3,194 ","1,670 ",255 ,A020560
대우조선해양,조선,조선기자재,"-2,347 ","-1,782 ",-292 ,A042660
CJ CGV,미디어 및 엔터,영화,-918 ,"-2,964 ","-1,004 ",A079160
쌍용차,자동차 및 관련부품,완성차,-863 ,"-1,995 ","-1,024 ",A003620
에어부산,운송 및 물류,항공운송,-855 ,74 ,-303 ,A298690
제주항공,운송 및 물류,항공운송,-794 ,-377 ,-668 ,A089590
진에어,운송 및 물류,항공운송,-721 ,-395 ,-461 ,A272450
한진칼,지주사,지주사,-701 ,884 ,-637 ,A180640
JTC,유통,면세점,-585 ,-150 ,-190 ,A950170
롯데관광개발,레저산업,레저,-544 ,-470 ,-107 ,A032350
대한항공,운송 및 물류,항공운송,-537 ,"4,267 ",-293 ,A003490
티웨이항공,운송 및 물류,항공운송,-494 ,-205 ,-323 ,A091810
롯데쇼핑,유통,백화점,-412 ,"-4,535 ",-218 ,A023530
강원랜드,레저산업,카지노,-409 ,-333 ,-409 ,A035250
한진중공업,조선,조선,-406 ,-267 ,407 ,A097230
하나투어,레저산업,여행,-380 ,-666 ,-277 ,A039130
GKL,레저산업,카지노,-374 ,-327 ,-228 ,A114090
AK홀딩스,지주사,지주사,-283 ,-140 ,-315 ,A006840
티웨이홀딩스,지주사,지주사,-269 ,-126 ,-198 ,A004870
이에스에이,미디어 및 엔터,게임,-261 ,-66 ,-7 ,A052190
휴온스블러썸,가정용품,화장품,-249 ,-105 ,-63 ,A263920
젠큐릭스,의료기기 및 용품,의료기기,-237 ,356 ,9 ,A229000
대웅제약,제약 및 바이오,제약,-231 ,176 ,24 ,A069620
리더스 기술투자,금융,기타 금융,-224 ,279 ,-25 ,A019570
에이치엘비,제약 및 바이오,바이오,-184 ,-226 ,39 ,A028300
파라다이스,레저산업,카지노,-182 ,-675 ,-163 ,A034230
우진,기계,기계,-177 ,281 ,133 ,A105840
휴림로봇,기계,산업용 로봇,-172 ,251 ,168 ,A090710
피씨엘,의료기기 및 용품,진단기기,-164 ,-9 ,124 ,A241820
파멥신,제약 및 바이오,바이오,-163 ,-76 ,-97 ,A208340
휴맥스,가정용품,셋톱박스,-157 ,-240 ,-154 ,A115160
에이치엘비생명과학,제약 및 바이오,바이오,-155 ,-436 ,117 ,A067630
에이스테크,통신,통신장비,-146 ,-400 ,-127 ,A088800
포스코 ICT,IT서비스,시스템서비스,-141 ,-186 ,86 ,A022100
삼성제약,제약 및 바이오,제약,-140 ,-209 ,11 ,A001360
뉴로스,기계,기계,-135 ,-144 ,-251 ,A126870
레고켐바이오,제약 및 바이오,바이오,-134 ,-25 ,-54 ,A141080
일동홀딩스,지주사,지주사,-134 ,-124 ,-52 ,A000230
일동제약,제약 및 바이오,제약,-129 ,-189 ,9 ,A249420
엔케이맥스,의료기기 및 용품,진단기기,-126 ,-76 ,-121 ,A182400
예림당,운송 및 물류,항공운송,-126 ,-57 ,-94 ,A036000
금호타이어,자동차 및 관련부품,타이어,-125 ,259 ,231 ,A073240
KH 필룩스,전기 및 전자기기,LED,-120 ,-187 ,-9 ,A033180
핸즈코퍼레이션,자동차 및 관련부품,기타 자동차부품,-118 ,-97 ,-7 ,A143210
네오이뮨텍(REG.S),제약 및 바이오,바이오,-109 ,-107 ,-74 ,A950220
제이콘텐트리,미디어 및 엔터,미디어,-109 ,-914 ,-77 ,A036420
베스파,미디어 및 엔터,게임,-101 ,-232 ,-78 ,A299910
모베이스,IT 장비 및 소재,스마트폰 부품,-100 ,-93 ,14 ,A101330
오리엔트바이오,제약 및 바이오,바이오,-99 ,41 ,-91 ,A002630
바이오다인,의료기기 및 용품,의료용품,-98 ,-24 ,0 ,A314930
코디엠,반도체 관련장비 및 부품,반도체장비,-98 ,20 ,103 ,A224060
대명소노시즌,전기 및 전자기기,보안장비,-97 ,-19 ,6 ,A007720
프레스티지바이오파마,제약 및 바이오,바이오,-96 ,0 ,0 ,A950210
오스코텍,제약 및 바이오,바이오,-96 ,32 ,-69 ,A039200
인디에프,섬유 및 의류,의류,-96 ,-79 ,-77 ,A014990
유틸렉스,제약 및 바이오,바이오,-95 ,-92 ,-65 ,A263050
엘아이에스,디스플레이 장비 및 부품,디스플레이 장비,-95 ,-87 ,-8 ,A138690
태평양물산,섬유 및 의류,의류,-94 ,-7 ,40 ,A007980
비에이치,IT 장비 및 소재,PCB,-93 ,-65 ,285 ,A090460
스튜디오산타클로스,미디어 및 엔터,매니지먼트,-92 ,-62 ,29 ,A204630
다산네트웍스,통신,통신장비,-91 ,-130 ,30 ,A039560
성신양회,건설 및 건축자재,시멘트 및 레미콘,-90 ,156 ,-80 ,A004980
에이비엘바이오,제약 및 바이오,바이오,-89 ,-138 ,-127 ,A298380
예스티,디스플레이 장비 및 부품,디스플레이 장비,-89 ,-28 ,-60 ,A122640
에스디생명공학,가정용품,화장품,-88 ,-55 ,-41 ,A217480
서부T&D,운송 및 물류,운송인프라,-85 ,-55 ,-70 ,A006730
남양유업,식음료,음료,-85 ,-194 ,-73 ,A003920
올릭스,제약 및 바이오,바이오,-83 ,-77 ,-42 ,A226950
에이프로젠 MED,기계,플랜트설비,-82 ,-210 ,300 ,A007460
대원제약,제약 및 바이오,제약,-81 ,22 ,35 ,A003220
삼표시멘트,건설 및 건축자재,시멘트 및 레미콘,-80 ,96 ,-40 ,A038500
일진디스플,디스플레이 장비 및 부품,디스플레이 부품,-78 ,-137 ,-76 ,A020760
지나인제약,IT 장비 및 소재,카메라모듈,-77 ,-215 ,-62 ,A078650
코스온,가정용품,화장품,-76 ,-157 ,-70 ,A069110
이엠네트웍스,반도체 관련장비 및 부품,반도체 부품,-76 ,-94 ,-22 ,A087730
CJ프레시웨이,식음료,식료품,-75 ,-137 ,-37 ,A051500
SG,건설 및 건축자재,건축자재,-75 ,56 ,-9 ,A255220
한스바이오메드,의료기기 및 용품,의료용품,-74 ,27 ,-191 ,A042520
무림페이퍼,종이 및 용기,종이,-74 ,-415 ,-90 ,A009200
인터파크,지주사,지주사,-73 ,-16 ,-146 ,A035080
지놈앤컴퍼니,제약 및 바이오,바이오,-73 ,0 ,0 ,A314130
에스씨엠생명과학,제약 및 바이오,바이오,-73 ,30 ,4 ,A298060
좋은사람들,섬유 및 의류,의류,-73 ,-117 ,-47 ,A033340
골드퍼시픽,통신,통신장비,-72 ,97 ,39 ,A038530
동원금속,자동차 및 관련부품,차체부품,-72 ,-10 ,-68 ,A018500
엔지켐생명과학,제약 및 바이오,제약,-71 ,-39 ,-58 ,A183490
HSD엔진,조선,조선기자재,-70 ,18 ,-16 ,A082740
아이스크림에듀,일반서비스,교육,-69 ,-37 ,49 ,A289010
올리패스,가정용품,화장품,-68 ,-50 ,-58 ,A244460
무림P&P,종이 및 용기,종이,-66 ,-91 ,-78 ,A009580
브릿지바이오테라퓨틱스,제약 및 바이오,바이오,-66 ,-54 ,-43 ,A288330
성안,섬유 및 의류,섬유,-65 ,-83 ,-63 ,A011300
제이시스메디칼,의료기기 및 용품,의료서비스,-64 ,15 ,63 ,A287410
코오롱티슈진,제약 및 바이오,바이오,-64 ,-104 ,-129 ,A950160
한국공항,운송 및 물류,운송인프라,-64 ,-126 ,-81 ,A005430
이오플로우,의료기기 및 용품,의료용품,-63 ,-90 ,-52 ,A294090
에치에프알,통신,통신장비,-62 ,-125 ,-36 ,A230240
뷰노,의료기기 및 용품,의료서비스,-62 ,-38 ,0 ,A338220
비보존 헬스케어,전기 및 전자기기,LED,-62 ,-320 ,-21 ,A082800
대구백화점,유통,백화점,-61 ,-51 ,-34 ,A006370
큐리언트,제약 및 바이오,바이오,-60 ,-63 ,-50 ,A115180
파크시스템스,의료기기 및 용품,의료기기,-59 ,8 ,37 ,A140860
STX중공업,기계,플랜트설비,-59 ,23 ,-19 ,A071970
메디포스트,제약 및 바이오,바이오,-58 ,0 ,-52 ,A078160
레인보우로보틱스,기계,기계,-57 ,-6 ,0 ,A277810
일성신약,제약 및 바이오,제약,-56 ,20 ,6 ,A003120
디지탈옵틱,IT 장비 및 소재,카메라모듈,-56 ,-230 ,-48 ,A106520
휴맥스홀딩스,가정용품,셋톱박스,-54 ,1 ,-45 ,A028080
한국비엔씨,의료기기 및 용품,의료기기,-53 ,-4 ,4 ,A256840
엑사이엔씨,반도체 관련장비 및 부품,클린룸,-53 ,-15 ,-9 ,A054940
펩트론,제약 및 바이오,바이오,-52 ,-49 ,-43 ,A087010
이엔플러스,기계,중장비 및 관련품,-52 ,-105 ,43 ,A074610
강스템바이오텍,제약 및 바이오,바이오,-51 ,-49 ,-33 ,A217730
멜파스,IT 장비 및 소재,스마트폰 부품,-51 ,-76 ,-4 ,A096640
에스티팜,제약 및 바이오,원료의약품,-50 ,-40 ,-70 ,A237690
엠에스오토텍,자동차 및 관련부품,차체부품,-50 ,-604 ,-73 ,A123040
이원컴포텍,자동차 및 관련부품,차량 시트,-50 ,-117 ,-27 ,A088290
핑거,IT서비스,시스템서비스,-50 ,-5 ,17 ,A163730
파라텍,기계,기계,-50 ,-57 ,17 ,A033540
KH 일렉트론,가정용품,가전제품,-50 ,-182 ,-70 ,A111870
쏠리드,통신,통신장비,-49 ,-26 ,-30 ,A050890
엘브이엠씨홀딩스,지주사,지주사,-49 ,-129 ,-62 ,A900140
대한광통신,전기 및 전자기기,케이블,-49 ,-103 ,-70 ,A010170
위니아딤채,가정용품,가전제품,-49 ,232 ,84 ,A071460
동양고속,운송 및 물류,육상운송,-49 ,-48 ,-37 ,A084670
신라젠,제약 및 바이오,바이오,-48 ,-47 ,-146 ,A215600
와이팜,IT 장비 및 소재,스마트폰 부품,-48 ,27 ,60 ,A332570
무학,식음료,음료,-48 ,204 ,100 ,A033920
화인베스틸,조선,조선기자재,-48 ,-93 ,-28 ,A133820
에스넷,IT서비스,시스템서비스,-47 ,57 ,13 ,A038680
상지카일룸,건설 및 건축자재,중견건설사,-47 ,46 ,-30 ,A042940
팍스넷,IT서비스,인터넷서비스,-47 ,-236 ,-44 ,A038160
셀리버리,제약 및 바이오,바이오,-46 ,-41 ,-47 ,A268600
뉴지랩파마,전기 및 전자기기,보안장비,-46 ,-78 ,-43 ,A214870
씨아이테크,IT서비스,시스템서비스,-46 ,-33 ,55 ,A004920
네패스,반도체 관련장비 및 부품,반도체 부품,-45 ,-260 ,-131 ,A033640
인터플렉스,IT 장비 및 소재,PCB,-45 ,-292 ,-38 ,A051370
퀀타매트릭스,의료기기 및 용품,진단기기,-45 ,-40 ,-34 ,A317690
동운아나텍,IT 장비 및 소재,카메라모듈,-45 ,38 ,10 ,A094170
자안바이오,IT 장비 및 소재,스마트폰 부품,-45 ,-69 ,-44 ,A221610
대한전선,전기 및 전자기기,케이블,-44 ,251 ,-302 ,A001440
아이큐어,제약 및 바이오,제약,-44 ,-77 ,-4 ,A175250
서울리거,미디어 및 엔터,게임,-44 ,-106 ,-82 ,A043710
두산퓨얼셀,IT 장비 및 소재,2차전지,-43 ,11 ,74 ,A336260
네이처셀,식음료,음료,-43 ,-110 ,-38 ,A007390
글로벌텍스프리,레저산업,레저,-43 ,-85 ,-5 ,A204620
비에이치아이,기계,보일러,-43 ,4 ,6 ,A083650
샘코,기계,우주항공,-43 ,-41 ,29 ,A263540
에스엘바이오닉스,디스플레이 장비 및 부품,디스플레이 부품,-43 ,-120 ,39 ,A214310
삼천당제약,제약 및 바이오,제약,-42 ,51 ,-93 ,A000250
국보,운송 및 물류,육상운송,-42 ,-38 ,-16 ,A001140
STX엔진,조선,조선기자재,-41 ,208 ,-21 ,A077970
엘앤에프,IT 장비 및 소재,2차전지,-40 ,-149 ,-35 ,A066970
이아이디,석유 및 가스,석유판매,-40 ,-91 ,-70 ,A093230
에스티큐브,제약 및 바이오,바이오,-40 ,-40 ,-35 ,A052020
SG세계물산,섬유 및 의류,의류,-40 ,0 ,-40 ,A004060
한프,전기 및 전자기기,전자기기,-40 ,-52 ,-7 ,A066110
지티지웰니스,의료기기 및 용품,의료기기,-40 ,-59 ,-7 ,A219750
우진아이엔에스,기계,기계,-40 ,49 ,0 ,A010400
후성,반도체 관련장비 및 부품,반도체 부품,-39 ,46 ,27 ,A093370
마니커,식음료,식료품,-39 ,-30 ,-64 ,A027740
엔에스엔,레저산업,자전거,-39 ,-72 ,-19 ,A031860
이수앱지스,제약 및 바이오,바이오,-38 ,-89 ,-25 ,A086890
삼기,자동차 및 관련부품,변속기부품,-38 ,-88 ,17 ,A122350
비츠로시스,유틸리티,스마트그리드,-38 ,-16 ,-5 ,A054220
에이루트,전기 및 전자기기,전기장비,-38 ,-138 ,-27 ,A096690
에프엔씨엔터,미디어 및 엔터,매니지먼트,-38 ,-31 ,-22 ,A173940
스카이이앤엠,IT 장비 및 소재,2차전지,-38 ,-38 ,-91 ,A131100
바이오로그디바이스,IT 장비 및 소재,카메라모듈,-37 ,-100 ,-29 ,A208710
티로보틱스,기계,산업용 로봇,-37 ,-21 ,7 ,A117730
한국유니온제약,제약 및 바이오,제약,-37 ,-14 ,-23 ,A080720
텔레필드,통신,통신장비,-37 ,-21 ,-16 ,A091440
티움바이오,제약 및 바이오,바이오,-36 ,-32 ,-37 ,A321550
바이오리더스,제약 및 바이오,바이오,-36 ,-98 ,-62 ,A142760
에이블씨엔씨,가정용품,화장품,-36 ,-566 ,-134 ,A078520
에이티세미콘,반도체 관련장비 및 부품,반도체장비,-36 ,-254 ,-57 ,A089530
카이노스메드,제약 및 바이오,바이오,-35 ,-18 ,-26 ,A284620
아가방컴퍼니,유아동산업,유아동산업,-35 ,7 ,-14 ,A013990
THE E&M,철강 및 비철강,강관,-35 ,-238 ,0 ,A089230
천랩,의료기기 및 용품,의료서비스,-35 ,-21 ,-23 ,A311690
피에스엠씨,반도체 관련장비 및 부품,반도체 부품,-35 ,-9 ,-7 ,A024850
현대무벡스,운송 및 물류,운송인프라,-34 ,0 ,0 ,A319400
EDGC,의료기기 및 용품,의료서비스,-34 ,-97 ,35 ,A245620
우리들휴브레인,의료기기 및 용품,의료기기,-34 ,63 ,31 ,A118000
맥스로텍,기계,자동화기기,-34 ,-113 ,-67 ,A141070
에이치엘비제약,제약 및 바이오,제약,-33 ,-663 ,-89 ,A047920
제주반도체,반도체 관련장비 및 부품,반도체 설계,-33 ,27 ,-33 ,A080220
다스코,건설 및 건축자재,거푸집,-33 ,-55 ,-22 ,A058730
녹원씨엔아이,IT서비스,소프트웨어,-33 ,-85 ,-1 ,A065560
젬백스지오,디스플레이 장비 및 부품,디스플레이 부품,-33 ,60 ,-26 ,A041590
이큐셀,디스플레이 장비 및 부품,디스플레이 장비,-33 ,-10 ,-35 ,A160600
부광약품,제약 및 바이오,제약,-32 ,-16 ,-62 ,A003000
아이진,제약 및 바이오,바이오,-32 ,-43 ,-41 ,A185490
넥스트사이언스,건설 및 건축자재,건축자재,-32 ,-216 ,-50 ,A003580
압타바이오,제약 및 바이오,바이오,-32 ,-20 ,-6 ,A293780
YTN,미디어 및 엔터,미디어,-32 ,77 ,-18 ,A040300
해성옵틱스,IT 장비 및 소재,카메라모듈,-32 ,-310 ,-101 ,A076610
국일제지,종이 및 용기,종이,-31 ,14 ,-3 ,A078130
STX,일반서비스,무역,-31 ,-197 ,-11 ,A011810
넥스트아이,디스플레이 장비 및 부품,디스플레이 장비,-31 ,472 ,-14 ,A137940
장원테크,IT 장비 및 소재,스마트폰 부품,-31 ,45 ,-528 ,A174880
TBH글로벌,섬유 및 의류,의류,-31 ,-20 ,13 ,A084870
유바이오로직스,제약 및 바이오,바이오,-30 ,65 ,-620 ,A206650
고바이오랩,제약 및 바이오,바이오,-30 ,0 ,0 ,A348150
디에이테크놀로지,IT 장비 및 소재,2차전지,-30 ,-98 ,-47 ,A196490
KH E&T,건설 및 건축자재,건축자재,-30 ,-123 ,-32 ,A226360
알파홀딩스,지주사,지주사,-30 ,10 ,1 ,A117670
디티앤씨,전기 및 전자기기,전자기기,-30 ,-27 ,-6 ,A187220
쌍용정보통신,IT서비스,시스템서비스,-30 ,-163 ,20 ,A010280
디딤,식음료,외식업,-30 ,-146 ,-54 ,A217620
셀리드,제약 및 바이오,바이오,-29 ,-16 ,-12 ,A299660
마크로젠,의료기기 및 용품,진단기기,-29 ,959 ,-29 ,A038290
이지케어텍,의료기기 및 용품,의료기기,-29 ,16 ,-36 ,A099750
캠시스,IT 장비 및 소재,카메라모듈,-29 ,-175 ,63 ,A050110
영화금속,자동차 및 관련부품,엔진부품,-29 ,-36 ,-25 ,A012280
영흥,철강 및 비철강,선재(와이어),-29 ,-141 ,-47 ,A012160
지투알,지주사,지주사,-29 ,149 ,-15 ,A035000
바른손이앤에이,미디어 및 엔터,게임,-29 ,-42 ,-8 ,A035620
윈팩,반도체 관련장비 및 부품,반도체장비,-29 ,26 ,5 ,A097800
GV,전기 및 전자기기,LED,-29 ,-148 ,-62 ,A045890
안트로젠,제약 및 바이오,바이오,-28 ,-10 ,10 ,A065660
모두투어,레저산업,여행,-28 ,-396 ,-76 ,A080160
파인디앤씨,디스플레이 장비 및 부품,디스플레이 부품,-28 ,-82 ,-13 ,A049120
코스나인,IT 장비 및 소재,스마트폰 부품,-28 ,-57 ,-8 ,A082660
금호전기,전기 및 전자기기,LED,-28 ,-129 ,-45 ,A001210
알체라,IT서비스,소프트웨어,-27 ,-10 ,-8 ,A347860
앱클론,제약 및 바이오,바이오,-27 ,-15 ,-11 ,A174900
제이엘케이,의료기기 및 용품,의료서비스,-27 ,1 ,-27 ,A322510
이노뎁,IT서비스,시스템서비스,-27 ,0 ,0 ,A303530
용평리조트,레저산업,여행,-26 ,-79 ,1 ,A070960
노랑풍선,레저산업,여행,-26 ,-37 ,-21 ,A104620
에스트래픽,IT서비스,소프트웨어,-26 ,-97 ,-26 ,A234300
테라셈,IT 장비 및 소재,카메라모듈,-26 ,27 ,-11 ,A182690
에이아이비트,디스플레이 장비 및 부품,디스플레이 장비,-26 ,-69 ,-27 ,A039230
지어소프트,IT서비스,시스템서비스,-25 ,23 ,26 ,A051160
지트리비앤티,제약 및 바이오,바이오,-25 ,-61 ,-32 ,A115450
라온시큐어,IT서비스,보안서비스,-25 ,-13 ,-22 ,A042510
오스테오닉,의료기기 및 용품,의료기기,-25 ,-12 ,-3 ,A226400
마이더스AI,IT서비스,소프트웨어,-25 ,12 ,-18 ,A222810
지코,자동차 및 관련부품,엔진부품,-25 ,-14 ,-15 ,A010580
신성이엔지,에너지,태양광,-24 ,-214 ,29 ,A011930
퓨쳐스트림네트웍스,미디어 및 엔터,미디어,-24 ,-63 ,-14 ,A214270
트루윈,자동차 및 관련부품,전장부품,-24 ,2 ,-5 ,A105550
앤씨앤,반도체 관련장비 및 부품,반도체 설계,-24 ,-64 ,-29 ,A092600
아이앤씨,기계,전력기자재,-24 ,-40 ,-3 ,A052860
네오펙트,의료기기 및 용품,의료기기,-24 ,-20 ,-38 ,A290660
서울제약,제약 및 바이오,제약,-24 ,-61 ,77 ,A018680
CSA 코스믹,건설 및 건축자재,건축자재,-24 ,-143 ,-14 ,A083660
기산텔레콤,통신,통신장비,-24 ,4 ,-3 ,A035460
테크윙,반도체 관련장비 및 부품,반도체장비,-23 ,89 ,122 ,A089030
키이스트,미디어 및 엔터,매니지먼트,-23 ,-43 ,124 ,A054780
진양홀딩스,지주사,지주사,-23 ,10 ,-16 ,A100250
잉크테크,전기 및 전자기기,전자기기,-23 ,-11 ,12 ,A049550
솔트룩스,IT서비스,시스템서비스,-23 ,37 ,10 ,A304100
웨이브일렉트로,통신,통신장비,-23 ,-140 ,-29 ,A095270
이수페타시스,IT 장비 및 소재,PCB,-23 ,-99 ,-1 ,A007660
세화아이엠씨,자동차 및 관련부품,타이어,-23 ,-311 ,-29 ,A145210
텔코웨어,통신,통신서비스,-23 ,16 ,19 ,A078000
천일고속,운송 및 물류,육상운송,-23 ,-21 ,-15 ,A000650
쎌마테라퓨틱스,유통,유통,-23 ,-76 ,-43 ,A015540
원바이오젠,의료기기 및 용품,의료용품,-23 ,0 ,0 ,A307280
코이즈,디스플레이 장비 및 부품,디스플레이 부품,-23 ,-13 ,0 ,A121850
메지온,제약 및 바이오,바이오,-22 ,9 ,-59 ,A140410
엔젠바이오,의료기기 및 용품,진단기기,-22 ,-17 ,-15 ,A354200
SBI핀테크솔루션즈,IT서비스,전자결제,-22 ,53 ,31 ,A950110
지엔코,섬유 및 의류,의류,-22 ,-24 ,-69 ,A065060
리더스코스메틱,가정용품,화장품,-22 ,288 ,-28 ,A016100
그리티,섬유 및 의류,의류,-22 ,-11 ,3 ,A204020
시티랩스,운송 및 물류,운송인프라,-22 ,-16 ,-19 ,A139050
파루,에너지,태양광,-22 ,-159 ,-19 ,A043200
KPX홀딩스,지주사,지주사,-21 ,987 ,32 ,A092230
지노믹트리,의료기기 및 용품,의료용품,-21 ,-13 ,-36 ,A228760
웰바이오텍,섬유 및 의류,피혁(가죽),-21 ,-333 ,-72 ,A010600
서울식품,식음료,식료품,-21 ,-25 ,-2 ,A004410
토비스,레저산업,카지노,-21 ,-64 ,10 ,A051360
팬젠,제약 및 바이오,바이오,-21 ,-9 ,-15 ,A222110
릭스솔루션,IT서비스,시스템서비스,-21 ,-98 ,-7 ,A029480
부산주공,자동차 및 관련부품,기타 자동차부품,-21 ,-20 ,45 ,A005030
현대바이오,제약 및 바이오,바이오,-20 ,-69 ,-3 ,A048410
티앤알바이오팹,제약 및 바이오,바이오,-20 ,-17 ,-19 ,A246710
종근당바이오,제약 및 바이오,원료의약품,-20 ,-10 ,14 ,A063160
SM C&C,미디어 및 엔터,매니지먼트,-20 ,-89 ,-16 ,A048550
코오롱머티리얼,섬유 및 의류,섬유,-20 ,-85 ,-35 ,A144620
엔투텍,반도체 관련장비 및 부품,반도체장비,-20 ,32 ,-31 ,A227950
아모센스,IT 장비 및 소재,스마트폰 부품,-20 ,-41 ,-20 ,A357580
한라IMS,조선,조선기자재,-20 ,4 ,9 ,A092460
피피아이,통신,통신장비,-20 ,-20 ,-11 ,A062970
아우딘퓨쳐스,가정용품,화장품,-20 ,-49 ,-34 ,A227610
넵튠,미디어 및 엔터,게임,-19 ,306 ,-18 ,A217270
에이비프로바이오,기계,공작기계,-19 ,-333 ,-3 ,A195990
엘이티,반도체 관련장비 및 부품,반도체 부품,-19 ,-2 ,-22 ,A297890
신테카바이오,제약 및 바이오,바이오,-19 ,-20 ,-15 ,A226330
대창솔루션,조선,조선기자재,-19 ,-172 ,-19 ,A096350
아이크래프트,통신,통신장비,-19 ,39 ,-4 ,A052460
삼정펄프,종이 및 용기,종이,-19 ,25 ,76 ,A009770
나노씨엠에스,화학,종합 화학,-19 ,-35 ,17 ,A247660
한국정밀기계,기계,공작기계,-19 ,-60 ,-35 ,A101680
진원생명과학,제약 및 바이오,바이오,-18 ,-95 ,-33 ,A011000
영진약품,제약 및 바이오,제약,-18 ,-24 ,-3 ,A003520
아미코젠,제약 및 바이오,바이오,-18 ,90 ,76 ,A092040
초록뱀미디어,미디어 및 엔터,미디어,-18 ,232 ,-507 ,A047820
시스웍,반도체 관련장비 및 부품,반도체장비,-18 ,11 ,8 ,A269620
한빛소프트,미디어 및 엔터,게임,-18 ,-85 ,-2 ,A047080
WI,반도체 관련장비 및 부품,반도체장비,-18 ,-16 ,-9 ,A073570
글로본,금융,기타 금융,-18 ,-12 ,-11 ,A019660
이디티,기계,우주항공,-18 ,-23 ,8 ,A215090
홈캐스트,가정용품,셋톱박스,-18 ,-19 ,-4 ,A064240
중앙디앤엠,통신,통신장비,-18 ,-64 ,-20 ,A051980
하이즈항공,기계,우주항공,-18 ,-17 ,-23 ,A221840
파수,IT서비스,보안서비스,-18 ,73 ,-20 ,A150900
배럴,섬유 및 의류,의류,-18 ,-17 ,-7 ,A267790
제너셈,반도체 관련장비 및 부품,반도체장비,-18 ,2 ,4 ,A217190
셀바스헬스케어,의료기기 및 용품,의료기기,-18 ,2 ,7 ,A208370
씨엔플러스,IT 장비 및 소재,IT 소재 및 부품,-18 ,-12 ,3 ,A115530
센트럴인사이트,IT서비스,시스템서비스,-18 ,-26 ,-9 ,A012600
아모텍,IT 장비 및 소재,스마트폰 부품,-17 ,-70 ,-54 ,A052710
소마젠,제약 및 바이오,제약,-17 ,-28 ,-171 ,A950200
국동,섬유 및 의류,의류,-17 ,-71 ,60 ,A005320
유진로봇,가정용품,가전제품,-17 ,-25 ,-15 ,A056080
호전실업,섬유 및 의류,의류,-17 ,-117 ,43 ,A111110
엠에프엠코리아,섬유 및 의류,의류,-17 ,0 ,0 ,A323230
자안코스메틱,가정용품,화장품,-17 ,-65 ,-33 ,A219550
엔에스쇼핑,유통,홈쇼핑,-16 ,4 ,34 ,A138250
큐렉소,의료기기 및 용품,의료기기,-16 ,14 ,6 ,A060280
케이피에스,디스플레이 장비 및 부품,디스플레이 부품,-16 ,-1 ,-24 ,A256940
바이브컴퍼니,IT서비스,소프트웨어,-16 ,0 ,0 ,A301300
큐로컴,IT서비스,시스템서비스,-16 ,-20 ,-19 ,A040350
룽투코리아,미디어 및 엔터,게임,-16 ,68 ,1 ,A060240
옴니시스템,유틸리티,스마트그리드,-16 ,-54 ,9 ,A057540
한국테크놀로지,기계,보일러,-16 ,-146 ,-10 ,A053590
라이프시맨틱스,의료기기 및 용품,의료서비스,-16 ,-16 ,-62 ,A347700
윌링스,에너지,태양광,-16 ,-7 ,-4 ,A313760
매직마이크로,전기 및 전자기기,LED,-16 ,-327 ,-49 ,A127160
호텔신라,유통,면세점,-15 ,"-1,136 ",-285 ,A008770
헬릭스미스,제약 및 바이오,바이오,-15 ,-177 ,-157 ,A084990
카페24,IT서비스,인터넷서비스,-15 ,37 ,17 ,A042000
레이,의료기기 및 용품,의료기기,-15 ,47 ,24 ,A228670
대원강업,자동차 및 관련부품,스프링,-15 ,19 ,51 ,A000430
동아지질,건설 및 건축자재,중견건설사,-15 ,-17 ,17 ,A028100
양지사,가정용품,개인용품,-15 ,37 ,13 ,A030960
CBI,자동차 및 관련부품,엔진부품,-15 ,-14 ,-7 ,A013720
셀레믹스,제약 및 바이오,바이오,-15 ,-11 ,-11 ,A331920
우성사료,식음료,사료,-15 ,62 ,17 ,A006980
엘티씨,디스플레이 장비 및 부품,디스플레이 부품,-15 ,-71 ,9 ,A170920
아이에스이커머스,유통,전자상거래,-15 ,-32 ,-11 ,A069920
티라유텍,IT서비스,시스템서비스,-15 ,-10 ,17 ,A322180
하이트론,전기 및 전자기기,보안장비,-15 ,-163 ,-30 ,A019490
이노와이즈,자동차 및 관련부품,기타 자동차부품,-15 ,-17 ,68 ,A086250
경남제약헬스케어,전기 및 전자기기,전자기기,-15 ,-13 ,-15 ,A223310
소리바다,미디어 및 엔터,미디어,-15 ,-257 ,-26 ,A053110
이월드,레저산업,레저,-14 ,-40 ,-36 ,A084680
파워로직스,IT 장비 및 소재,카메라모듈,-14 ,-152 ,3 ,A047310
싸이토젠,제약 및 바이오,바이오,-14 ,-8 ,-15 ,A217330
액션스퀘어,미디어 및 엔터,게임,-14 ,-11 ,-3 ,A205500
엔비티,미디어 및 엔터,광고,-14 ,10 ,3 ,A236810
참좋은여행,레저산업,여행,-14 ,30 ,-19 ,A094850
아이비김영,일반서비스,교육,-14 ,25 ,-8 ,A339950
와이제이엠게임즈,IT 장비 및 소재,스마트폰 부품,-14 ,-31 ,-14 ,A193250
콤텍시스템,IT서비스,시스템서비스,-14 ,27 ,-2 ,A031820
코맥스,건설 및 건축자재,홈네트워크,-14 ,13 ,10 ,A036690
KR모터스,자동차 및 관련부품,완성차,-14 ,-56 ,-12 ,A000040
국영지앤엠,건설 및 건축자재,유리,-14 ,-7 ,-7 ,A006050
큐브앤컴퍼니,제약 및 바이오,원료의약품,-14 ,-43 ,5 ,A043090
스킨앤스킨,디스플레이 장비 및 부품,디스플레이 부품,-14 ,-282 ,0 ,A159910
하이소닉,IT 장비 및 소재,카메라모듈,-14 ,-33 ,-5 ,A106080
지엘팜텍,제약 및 바이오,제약,-14 ,-8 ,-7 ,A204840
UCI,가정용품,화장품,-14 ,-84 ,-13 ,A038340
제일약품,제약 및 바이오,제약,-13 ,3 ,4 ,A271980
피플바이오,의료기기 및 용품,의료기기,-13 ,0 ,0 ,A304840
아나패스,디스플레이 장비 및 부품,디스플레이 부품,-13 ,-362 ,6 ,A123860
에이치엔티,IT 장비 및 소재,스마트폰 부품,-13 ,-82 ,-51 ,A176440
데이타솔루션,IT서비스,시스템서비스,-13 ,27 ,-1 ,A263800
한일진공,디스플레이 장비 및 부품,디스플레이 장비,-13 ,118 ,8 ,A123840
서남,에너지,태양광,-13 ,-13 ,-14 ,A294630
디자인,IT 장비 및 소재,스마트폰 부품,-13 ,-116 ,-10 ,A227100
COWON,전기 및 전자기기,전자기기,-13 ,8 ,-1 ,A056000
에이엔피,자동차 및 관련부품,차량 시트,-13 ,-158 ,-4 ,A015260
현진소재,조선,조선기자재,-13 ,-16 ,111 ,A053660
메드팩토,제약 및 바이오,바이오,-12 ,-80 ,-82 ,A235980
나이벡,의료기기 및 용품,의료용품,-12 ,-22 ,-8 ,A138610
옵티팜,제약 및 바이오,바이오,-12 ,-6 ,-6 ,A153710
코텍,레저산업,카지노,-12 ,-102 ,-33 ,A052330
이즈미디어,IT 장비 및 소재,스마트폰 부품,-12 ,-57 ,-70 ,A181340
조아제약,제약 및 바이오,제약,-12 ,-14 ,2 ,A034940
베뉴지,유통,백화점,-12 ,43 ,9 ,A019010
감성코퍼레이션,종이 및 용기,종이,-12 ,-8 ,-21 ,A036620
삼영이엔씨,조선,조선기자재,-12 ,-29 ,0 ,A065570
디엔에이링크,의료기기 및 용품,진단기기,-12 ,-68 ,-25 ,A127120
바른손,미디어 및 엔터,영화,-12 ,-77 ,-13 ,A018700
이노테라피,의료기기 및 용품,의료용품,-12 ,-2 ,-10 ,A246960
알에프세미,IT 장비 및 소재,스마트폰 부품,-12 ,-114 ,-39 ,A096610
네이블,IT서비스,보안서비스,-12 ,25 ,-1 ,A153460
일정실업,자동차 및 관련부품,차량 시트,-12 ,-67 ,53 ,A008500
에스앤더블류,조선,조선기자재,-12 ,23 ,-8 ,A103230
아리온,가정용품,셋톱박스,-12 ,-123 ,-78 ,A058220
IHQ,미디어 및 엔터,매니지먼트,-11 ,-113 ,-12 ,A003560
클리노믹스,제약 및 바이오,바이오,-11 ,0 ,0 ,A352770
아이씨케이,전기 및 전자기기,스마트카드,-11 ,12 ,-24 ,A068940
아이티센,IT서비스,시스템서비스,-11 ,42 ,40 ,A124500
서전기전,기계,전력기자재,-11 ,55 ,-2 ,A189860
영림원소프트랩,IT서비스,소프트웨어,-11 ,19 ,20 ,A060850
알티캐스트,IT서비스,소프트웨어,-11 ,-51 ,11 ,A085810
우진비앤지,제약 및 바이오,동물용의약품,-11 ,-22 ,14 ,A018620
뉴프렉스,IT 장비 및 소재,PCB,-11 ,-42 ,22 ,A085670
아스타,의료기기 및 용품,진단기기,-11 ,-54 ,-31 ,A246720
유테크,IT 장비 및 소재,스마트폰 부품,-11 ,-65 ,0 ,A178780
뉴보텍,건설 및 건축자재,건축자재,-11 ,-39 ,-5 ,A060260
세동,자동차 및 관련부품,기타 자동차부품,-11 ,27 ,-13 ,A053060
프레스티지바이오로직스,제약 및 바이오,바이오,-10 ,-183 ,-38 ,A334970
잇츠한불,가정용품,화장품,-10 ,-34 ,-65 ,A226320
대교,일반서비스,교육,-10 ,3 ,-45 ,A019680
제넨바이오,IT 장비 및 소재,스마트폰 부품,-10 ,-83 ,-42 ,A072520
보성파워텍,기계,전력기자재,-10 ,0 ,-7 ,A006910
태웅,에너지,풍력,-10 ,"-1,014 ",43 ,A044490
현대약품,제약 및 바이오,제약,-10 ,0 ,-9 ,A004310
프리시젼바이오,의료기기 및 용품,진단기기,-10 ,4 ,0 ,A335810
토니모리,가정용품,화장품,-10 ,-113 ,-39 ,A214420
에쎈테크,기계,피팅 및 밸브,-10 ,-4 ,-3 ,A043340
제이준코스메틱,가정용품,화장품,-10 ,-85 ,-61 ,A025620
재영솔루텍,IT 장비 및 소재,카메라모듈,-10 ,-61 ,-7 ,A049630
픽셀플러스,반도체 관련장비 및 부품,반도체 설계,-10 ,17 ,4 ,A087600
유엔젤,IT서비스,시스템서비스,-10 ,22 ,-3 ,A072130
베셀,디스플레이 장비 및 부품,디스플레이 장비,-10 ,-19 ,26 ,A177350
자비스,기계,기계,-10 ,-49 ,-6 ,A254120
제이웨이,미디어 및 엔터,미디어,-10 ,-93 ,-15 ,A058420
지스마트글로벌,건설 및 건축자재,유리,-10 ,-802 ,-14 ,A114570
SNK,미디어 및 엔터,게임,-9 ,-47 ,94 ,A950180
텔레칩스,반도체 관련장비 및 부품,반도체 설계,-9 ,-18 ,-19 ,A054450
코스맥스엔비티,식음료,식료품,-9 ,-55 ,-11 ,A222040
제노포커스,제약 및 바이오,바이오,-9 ,-93 ,-20 ,A187420
부방,가정용품,가전제품,-9 ,-23 ,6 ,A014470
압타머사이언스,제약 및 바이오,바이오,-9 ,-8 ,-10 ,A291650
와이더플래닛,IT서비스,시스템서비스,-9 ,0 ,-11 ,A321820
동아엘텍,디스플레이 장비 및 부품,디스플레이 장비,-9 ,10 ,26 ,A088130
휴먼엔,철강 및 비철강,철강소재,-9 ,-331 ,-12 ,A032860
한송네오텍,디스플레이 장비 및 부품,디스플레이 부품,-9 ,9 ,-1 ,A226440
메타랩스,섬유 및 의류,의류,-9 ,-142 ,5 ,A090370
지유온,유통,전자상거래,-9 ,10 ,-24 ,A111820
대림통상,건설 및 건축자재,위생도기,-9 ,-86 ,-32 ,A006570
지란지교시큐리티,IT서비스,소프트웨어,-9 ,13 ,-3 ,A208350
전진바이오팜,제약 및 바이오,제약,-9 ,-15 ,-6 ,A110020
육일씨엔에쓰,IT 장비 및 소재,스마트폰 부품,-9 ,-184 ,20 ,A191410
코리아에스이,건설 및 건축자재,건축자재,-9 ,-24 ,-2 ,A101670
디엠티,가정용품,셋톱박스,-9 ,-6 ,-17 ,A134580
씨케이에이치,식음료,식료품,-9 ,-19 ,11 ,A900120
코센,철강 및 비철강,스테인리스,-9 ,-26 ,-36 ,A009730
일야,IT 장비 및 소재,스마트폰 부품,-9 ,-9 ,-14 ,A058450
박셀바이오,제약 및 바이오,바이오,-8 ,-11 ,-9 ,A323990
씨이랩,IT서비스,시스템서비스,-8 ,15 ,4 ,A189330
SDN,에너지,태양광,-8 ,32 ,6 ,A099220
윌비스,섬유 및 의류,의류,-8 ,15 ,9 ,A008600
이니텍,IT서비스,보안서비스,-8 ,7 ,9 ,A053350
마이크로디지탈,의료기기 및 용품,진단기기,-8 ,-68 ,-14 ,A305090
고려시멘트,건설 및 건축자재,시멘트 및 레미콘,-8 ,19 ,21 ,A198440
에스코넥,IT 장비 및 소재,스마트폰 부품,-8 ,-190 ,-55 ,A096630
네온테크,반도체 관련장비 및 부품,반도체 부품,-8 ,-1 ,-10 ,A306620
모베이스전자,자동차 및 관련부품,전장부품,-8 ,-95 ,-16 ,A012860
신신제약,제약 및 바이오,제약,-8 ,-15 ,21 ,A002800
네오셈,반도체 관련장비 및 부품,반도체장비,-8 ,-7 ,31 ,A253590
휘닉스소재,IT 장비 및 소재,2차전지,-8 ,-31 ,-6 ,A050090
조광페인트,건설 및 건축자재,페인트,-8 ,-56 ,78 ,A004910
라닉스,통신,통신장비,-8 ,-11 ,-1 ,A317120
현대사료,식음료,사료,-8 ,11 ,-20 ,A016790
KBI메탈,전기 및 전자기기,케이블,-8 ,-40 ,29 ,A024840
바이온,화학,기타 화학,-8 ,-18 ,1 ,A032980
애니젠,제약 및 바이오,바이오,-8 ,-2 ,-6 ,A196300
코드네이처,건설 및 건축자재,중견건설사,-8 ,-20 ,-2 ,A078940
모헨즈,건설 및 건축자재,시멘트 및 레미콘,-8 ,1 ,-1 ,A006920
동일철강,철강 및 비철강,봉형강,-8 ,-38 ,-13 ,A023790
로스웰,자동차 및 관련부품,전장부품,-8 ,-524 ,-4 ,A900260
드래곤플라이,미디어 및 엔터,게임,-8 ,-59 ,-8 ,A030350
인터엠,전기 및 전자기기,전자기기,-8 ,-12 ,-56 ,A017250
아이톡시,미디어 및 엔터,게임,-8 ,2 ,-1 ,A052770
코너스톤네트웍스,일반서비스,교육,-8 ,4 ,-19 ,A033110
유니슨,에너지,풍력,-7 ,-88 ,-81 ,A018000
대한그린파워,석유 및 가스,석유판매,-7 ,-142 ,-16 ,A060900
테라젠이텍스,제약 및 바이오,제약,-7 ,-24 ,-11 ,A066700
동성제약,제약 및 바이오,제약,-7 ,-65 ,-25 ,A002210
선익시스템,디스플레이 장비 및 부품,디스플레이 부품,-7 ,9 ,6 ,A171090
쎄미시스코,디스플레이 장비 및 부품,디스플레이 장비,-7 ,-38 ,-21 ,A136510
이엠코리아,기계,공작기계,-7 ,78 ,-64 ,A095190
오픈베이스,IT서비스,시스템서비스,-7 ,44 ,-4 ,A049480
한세엠케이,섬유 및 의류,의류,-7 ,-140 ,-11 ,A069640
제이엔케이히터,기계,플랜트설비,-7 ,-28 ,34 ,A126880
아이텍,반도체 관련장비 및 부품,반도체장비,-7 ,-55 ,15 ,A119830
엘엠에스,디스플레이 장비 및 부품,디스플레이 부품,-7 ,-153 ,15 ,A073110
KMH하이텍,반도체 관련장비 및 부품,반도체 부품,-7 ,-23 ,20 ,A052900
선도전기,전기 및 전자기기,전기장비,-7 ,-5 ,18 ,A007610
우리넷,통신,통신장비,-7 ,-61 ,-22 ,A115440
아이엘사이언스,디스플레이 장비 및 부품,디스플레이 부품,-7 ,-16 ,1 ,A307180
누리플랜,일반서비스,환경서비스,-7 ,19 ,-6 ,A069140
명성티엔에스,IT 장비 및 소재,2차전지,-7 ,-78 ,-7 ,A257370
피델릭스,반도체 관련장비 및 부품,반도체 제조,-7 ,-27 ,-6 ,A032580
한솔인티큐브,IT서비스,컨택센터,-7 ,-15 ,-24 ,A070590
슈펙스비앤피,IT 장비 및 소재,PCB,-7 ,-53 ,-8 ,A058530
HB테크놀러지,디스플레이 장비 및 부품,디스플레이 장비,-6 ,-102 ,69 ,A078150
에이치엘비파워,석유 및 가스,석유판매,-6 ,-12 ,0 ,A043220
켄코아에어로스페이스,기계,우주항공,-6 ,-51 ,-21 ,A274090
테고사이언스,제약 및 바이오,바이오,-6 ,4 ,6 ,A191420
광림,기계,중장비 및 관련품,-6 ,-114 ,-90 ,A014200
한국특강,철강 및 비철강,제강,-6 ,9 ,-17 ,A007280
로보티즈,기계,산업용 로봇,-6 ,5 ,-6 ,A108490
에쓰씨엔지니어링,건설 및 건축자재,중견건설사,-6 ,-66 ,-23 ,A023960
이화공영,건설 및 건축자재,중견건설사,-6 ,1 ,1 ,A001840
에이씨티,가정용품,화장품,-6 ,-64 ,-21 ,A138360
새로닉스,디스플레이 장비 및 부품,디스플레이 부품,-6 ,-43 ,41 ,A042600
자연과환경,일반서비스,환경서비스,-6 ,-26 ,-10 ,A043910
대성엘텍,자동차 및 관련부품,전장부품,-6 ,5 ,21 ,A025440
비비안,섬유 및 의류,의류,-6 ,-256 ,-17 ,A002070
메디콕스,조선,조선기자재,-6 ,-44 ,-16 ,A054180
폴라리스웍스,반도체 관련장비 및 부품,반도체 부품,-6 ,-7 ,-10 ,A123010
소프트캠프,IT서비스,소프트웨어,-6 ,6 ,2 ,A258790
미디어젠,IT서비스,소프트웨어,-6 ,-1 ,3 ,A279600
티에이치엔,자동차 및 관련부품,기타 자동차부품,-6 ,73 ,-32 ,A019180
에프알텍,통신,통신장비,-6 ,-30 ,0 ,A073540
THE MIDONG,자동차 및 관련부품,전장부품,-6 ,-46 ,-7 ,A161570
유니테스트,반도체 관련장비 및 부품,반도체장비,-5 ,55 ,-13 ,A086390
동신건설,건설 및 건축자재,중견건설사,-5 ,-31 ,3 ,A025950
흥아해운,운송 및 물류,해상운송,-5 ,-213 ,-110 ,A003280
KPX생명과학,제약 및 바이오,원료의약품,-5 ,-10 ,-1 ,A114450
테라사이언스,기계,중장비 및 관련품,-5 ,-59 ,-10 ,A073640
에이트원,IT서비스,소프트웨어,-5 ,-9 ,-50 ,A230980
페이퍼코리아,종이 및 용기,종이,-5 ,11 ,-51 ,A001020
티엘아이,디스플레이 장비 및 부품,디스플레이 부품,-5 ,-5 ,-21 ,A062860
스맥,기계,공작기계,-5 ,-213 ,-33 ,A099440
진바이오텍,제약 및 바이오,동물용의약품,-5 ,-32 ,6 ,A086060
골드앤에스,일반서비스,교육,-5 ,19 ,-4 ,A035290
삼화전자,IT 장비 및 소재,IT 소재 및 부품,-5 ,-7 ,2 ,A011230
자이언트스텝,미디어 및 엔터,미디어,-4 ,3 ,2 ,A289220
씨아이에스,IT 장비 및 소재,2차전지,-4 ,-11 ,-7 ,A222080
JW신약,제약 및 바이오,제약,-4 ,-37 ,11 ,A067290
시공테크,미디어 및 엔터,미디어,-4 ,10 ,16 ,A020710
기가레인,IT 장비 및 소재,IT 소재 및 부품,-4 ,-136 ,-28 ,A049080
홈센타홀딩스,지주사,지주사,-4 ,40 ,-12 ,A060560
DSC인베스트먼트,금융,기타 금융,-4 ,155 ,44 ,A241520
탑엔지니어링,디스플레이 장비 및 부품,디스플레이 장비,-4 ,-20 ,44 ,A065130
캐리소프트,IT서비스,인터넷서비스,-4 ,-26 ,-5 ,A317530
누리플렉스,유틸리티,스마트그리드,-4 ,-37 ,22 ,A040160
셀바스AI,IT서비스,소프트웨어,-4 ,5 ,4 ,A108860
RF머트리얼즈,통신,통신장비,-4 ,-2 ,-3 ,A327260
삼아제약,제약 및 바이오,제약,-4 ,-2 ,-7 ,A009300
유아이엘,IT 장비 및 소재,스마트폰 부품,-4 ,-58 ,-4 ,A049520
에스에너지,에너지,태양광,-4 ,-177 ,-27 ,A095910
우양,식음료,식료품,-4 ,5 ,7 ,A103840
제낙스,철강 및 비철강,스테인리스,-4 ,98 ,12 ,A065620
원풍물산,섬유 및 의류,의류,-4 ,-57 ,-8 ,A008290
SGA,IT서비스,보안서비스,-4 ,70 ,-6 ,A049470
제이에스티나,섬유 및 의류,의류,-4 ,-48 ,-32 ,A026040
한탑,식음료,식료품,-4 ,-69 ,12 ,A002680
삼일,운송 및 물류,육상운송,-4 ,24 ,45 ,A032280
ITX-AI,전기 및 전자기기,보안장비,-4 ,-17 ,-9 ,A099520
세기상사,미디어 및 엔터,영화,-4 ,-4 ,-4 ,A002420
에코마이스터,기계,기계,-4 ,-196 ,-28 ,A064510
RFHIC,통신,통신장비,-3 ,49 ,-45 ,A218410
녹십자셀,제약 및 바이오,바이오,-3 ,-3 ,14 ,A031390
현대에너지솔루션,에너지,태양광,-3 ,81 ,-62 ,A322000
쇼박스,미디어 및 엔터,영화,-3 ,-15 ,-26 ,A086980
대성산업,석유 및 가스,가스판매,-3 ,512 ,-54 ,A128820
아스트,기계,우주항공,-3 ,-52 ,-172 ,A067390
에이에프더블류,IT 장비 및 소재,2차전지,-3 ,4 ,-1 ,A312610
KT서브마린,건설 및 건축자재,중견건설사,-3 ,-76 ,71 ,A060370
대호에이엘,철강 및 비철강,알루미늄,-3 ,19 ,10 ,A069460
엔에프씨,가정용품,화장품,-3 ,0 ,0 ,A265740
아이퀘스트,IT서비스,소프트웨어,-3 ,16 ,13 ,A262840
엠젠플러스,전기 및 전자기기,전자기기,-3 ,-31 ,-8 ,A032790
에너토크,기계,기계,-3 ,-1 ,-1 ,A019990
엔케이,조선,조선기자재,-3 ,-28 ,44 ,A085310
디에이피,IT 장비 및 소재,PCB,-3 ,9 ,36 ,A066900
블루베리 NFT,가정용품,개인용품,-3 ,-47 ,-29 ,A044480
형지I&C,섬유 및 의류,의류,-3 ,-15 ,-20 ,A011080
디지아이,전기 및 전자기기,전기장비,-3 ,4 ,4 ,A043360
디지캡,IT서비스,시스템서비스,-3 ,24 ,4 ,A197140
듀오백,가정용품,가구,-3 ,-7 ,4 ,A073190
나노,화학,기타 화학,-3 ,-16 ,-17 ,A187790
한국정보공학,유통,유통,-3 ,-13 ,-2 ,A039740
태원물산,자동차 및 관련부품,엔진부품,-3 ,1 ,0 ,A001420
퓨전,IT서비스,시스템서비스,-3 ,-198 ,-28 ,A195440
인텔리안테크,통신,통신장비,-2 ,2 ,-15 ,A189300
아세아시멘트,건설 및 건축자재,시멘트 및 레미콘,-2 ,153 ,79 ,A183190
이트론,전기 및 전자기기,전자기기,-2 ,-29 ,-8 ,A096040
코오롱생명과학,제약 및 바이오,원료의약품,-2 ,-382 ,33 ,A102940
한국전자금융,IT서비스,전자결제,-2 ,-7 ,31 ,A063570
아시아나IDT,IT서비스,시스템서비스,-2 ,-75 ,-6 ,A267850
엔시스,IT 장비 및 소재,2차전지,-2 ,-13 ,12 ,A333620
피에이치씨,가정용품,셋톱박스,-2 ,172 ,17 ,A057880
한국화장품,가정용품,화장품,-2 ,-72 ,-54 ,A123690
티에스아이,기계,기계,-2 ,-18 ,-15 ,A277880
삼화네트웍스,미디어 및 엔터,미디어,-2 ,-7 ,-10 ,A046390
한일단조,자동차 및 관련부품,동력전달장치,-2 ,35 ,-9 ,A024740
아이쓰리시스템,기계,방위산업,-2 ,15 ,-3 ,A214430
에이팩트,반도체 관련장비 및 부품,반도체장비,-2 ,28 ,11 ,A200470
삼륭물산,종이 및 용기,용기 및 포장재,-2 ,-64 ,2 ,A014970
큐캐피탈,금융,기타 금융,-2 ,17 ,15 ,A016600
CNT85,IT서비스,시스템서비스,-2 ,4 ,22 ,A056730
정원엔시스,IT서비스,시스템서비스,-2 ,9 ,0 ,A045510
CS,통신,통신장비,-2 ,0 ,3 ,A065770
성호전자,IT 장비 및 소재,파워서플라이,-2 ,61 ,47 ,A043260
엔바이오니아,가정용품,가전제품,-2 ,-16 ,-3 ,A317870
바른전자,반도체 관련장비 및 부품,반도체장비,-2 ,-55 ,-8 ,A064520
내츄럴엔도텍,제약 및 바이오,바이오,-2 ,-14 ,6 ,A168330
컨버즈,종이 및 용기,종이,-2 ,-30 ,-4 ,A109070
솔루에타,IT 장비 및 소재,스마트폰 부품,-2 ,-108 ,46 ,A154040
티피씨글로벌,자동차 및 관련부품,기타 자동차부품,-2 ,9 ,18 ,A130740
폴루스바이오팜,통신,통신장비,-2 ,-15 ,-2 ,A007630
진양화학,화학,합성수지,-2 ,-3 ,4 ,A051630
동방선기,조선,조선기자재,-2 ,2 ,-7 ,A099410
이엠앤아이,IT 장비 및 소재,스마트폰 부품,-2 ,-13 ,-12 ,A083470
엔지스테크널러지,IT서비스,소프트웨어,-2 ,-9 ,-21 ,A208860
신한제7호스팩,금융,스팩,-2 ,0 ,0 ,A366330
위지윅스튜디오,미디어 및 엔터,영화,-1 ,31 ,-17 ,A299900
케이피엠테크,IT 장비 및 소재,PCB,-1 ,17 ,8 ,A042040
덱스터,미디어 및 엔터,미디어,-1 ,-44 ,-5 ,A206560
바이오솔루션,제약 및 바이오,바이오,-1 ,-6 ,-1 ,A086820
우수AMS,자동차 및 관련부품,조향부품,-1 ,-2 ,-13 ,A066590
이스타코,미디어 및 엔터,미디어,-1 ,-2 ,-1 ,A015020
케이씨티,IT서비스,금융시스템,-1 ,-4 ,2 ,A089150
넥스트BT,식음료,식료품,-1 ,-128 ,-77 ,A065170
모아텍,전기 및 전자기기,전자기기,-1 ,-2 ,-3 ,A033200
플리토,IT서비스,인터넷서비스,-1 ,-14 ,-10 ,A300080
힘스,디스플레이 장비 및 부품,디스플레이 부품,-1 ,-40 ,29 ,A238490
메카로,반도체 관련장비 및 부품,반도체장비,-1 ,-18 ,0 ,A241770
네오리진,IT서비스,보안서비스,-1 ,-7 ,-5 ,A094860
대신정보통신,IT서비스,시스템서비스,-1 ,41 ,-2 ,A020180
웹스,화학,기타 화학,-1 ,3 ,-2 ,A196700
만호제강,철강 및 비철강,선재(와이어),-1 ,-2 ,1 ,A001080
위메이드맥스,미디어 및 엔터,게임,-1 ,-58 ,-21 ,A101730
캐스텍코리아,자동차 및 관련부품,기타 자동차부품,-1 ,-105 ,-27 ,A071850
판타지오,미디어 및 엔터,매니지먼트,-1 ,-16 ,2 ,A032800
엠벤처투자,금융,기타 금융,-1 ,-74 ,-1 ,A019590
모바일리더,IT서비스,시스템서비스,-1 ,19 ,30 ,A100030
에코캡,자동차 및 관련부품,전장부품,-1 ,-93 ,15 ,A128540
윈텍,IT 장비 및 소재,카메라모듈,-1 ,8 ,-25 ,A320000
팬스타엔터프라이즈,기계,기계,-1 ,-25 ,-15 ,A054300
갤럭시아에스엠,미디어 및 엔터,매니지먼트,-1 ,7 ,6 ,A011420
씨씨에스,미디어 및 엔터,미디어,-1 ,-15 ,0 ,A066790
헝셩그룹,유아동산업,유아동산업,-1 ,-81 ,58 ,A900270
엔시트론,IT 장비 및 소재,IT 소재 및 부품,-1 ,-35 ,-7 ,A101400
KD,건설 및 건축자재,중견건설사,-1 ,17 ,-34 ,A044180
SK아이이테크놀로지,IT 장비 및 소재,2차전지,0 ,0 ,0 ,A361610
맥쿼리인프라,운송 및 물류,운송인프라,0 ,0 ,0 ,A088980
F&F,섬유 및 의류,의류,0 ,0 ,0 ,A383220
에코프로에이치엔,화학,종합 화학,0 ,0 ,0 ,A383310
LX홀딩스,지주사,지주사,0 ,0 ,0 ,A383800
코람코에너지리츠,일반서비스,부동산,0 ,0 ,26 ,A357120
우리기술,기계,전력기자재,0 ,-28 ,37 ,A032820
샘씨엔에스,반도체 관련장비 및 부품,종합 반도체,0 ,0 ,0 ,A252990
씨앤씨인터내셔널,가정용품,화장품,0 ,0 ,0 ,A352480
드림시큐리티,IT서비스,소프트웨어,0 ,35 ,4 ,A203650
제주맥주,식음료,음료,0 ,0 ,0 ,A276730
유티아이,IT 장비 및 소재,카메라모듈,0 ,5 ,3 ,A179900
사조동아원,식음료,식료품,0 ,38 ,47 ,A008040
에이디엠코리아,제약 및 바이오,바이오,0 ,0 ,0 ,A187660
한국화장품제조,가정용품,화장품,0 ,-32 ,-23 ,A003350
영화테크,자동차 및 관련부품,기타 자동차부품,0 ,16 ,-4 ,A265560
이삭엔지니어링,IT서비스,시스템서비스,0 ,0 ,0 ,A351330
수성이노베이션,기계,중장비 및 관련품,0 ,-13 ,-3 ,A084180
클라우드에어,전기 및 전자기기,LED,0 ,-76 ,13 ,A036170
진시스템,의료기기 및 용품,의료용품,0 ,0 ,0 ,A363250
TS트릴리온,가정용품,개인용품,0 ,0 ,0 ,A317240
엔에이치스팩19호,금융,스팩,0 ,0 ,0 ,A380440
영보화학,건설 및 건축자재,건축자재,0 ,19 ,17 ,A014440
일승,조선,조선,0 ,0 ,0 ,A333430
EG,반도체 관련장비 및 부품,반도체 부품,0 ,-10 ,-18 ,A037370
미래에셋맵스리츠,일반서비스,부동산,0 ,0 ,-11 ,A357250
비디아이,기계,플랜트설비,0 ,-692 ,60 ,A148140
신진에스엠,기계,기계,0 ,-8 ,-7 ,A138070
투비소프트,IT서비스,소프트웨어,0 ,-148 ,-16 ,A079970
로보로보,일반서비스,교육,0 ,-12 ,0 ,A215100
해성티피씨,기계,기계,0 ,-8 ,4 ,A059270
케이엠제약,가정용품,개인용품,0 ,0 ,-2 ,A225430
삼영에스앤씨,전기 및 전자기기,전자기기,0 ,0 ,0 ,A361670
대성미생물,제약 및 바이오,동물용의약품,0 ,-4 ,3 ,A036480
나노브릭,IT서비스,보안서비스,0 ,2 ,0 ,A286750
삼성스팩2호,금융,스팩,0 ,0 ,0 ,A291230
제닉,가정용품,화장품,0 ,-9 ,-13 ,A123330
유앤아이,의료기기 및 용품,의료기기,0 ,-64 ,-15 ,A056090
에스티오,섬유 및 의류,의류,0 ,-18 ,-10 ,A098660
에스에스알,IT서비스,보안서비스,0 ,2 ,-12 ,A275630
삼성머스트스팩5호,금융,스팩,0 ,0 ,0 ,A380320
삼성스팩4호,금융,스팩,0 ,0 ,0 ,A377630
디에스티,철강 및 비철강,광물,0 ,-57 ,-31 ,A033430
유안타제6호스팩,금융,스팩,0 ,0 ,0 ,A340360
유진스팩5호,금융,스팩,0 ,0 ,0 ,A331380
포티스,IT서비스,인터넷서비스,0 ,0 ,-11 ,A141020
한화에스비아이스팩,금융,스팩,0 ,0 ,0 ,A317320
케이비제18호스팩,금융,스팩,0 ,0 ,0 ,A323940
하나금융17호스팩,금융,스팩,0 ,0 ,0 ,A363260
유진스팩4호,금융,스팩,0 ,0 ,0 ,A321260
엔에이치스팩17호,금융,스팩,0 ,0 ,0 ,A359090
하이제6호스팩,금융,스팩,0 ,0 ,0 ,A377400
유안타제8호스팩,금융,스팩,0 ,0 ,0 ,A367480
케이비제20호스팩,금융,스팩,0 ,0 ,0 ,A342550
미래에셋대우스팩3호,금융,스팩,0 ,0 ,0 ,A328380
하나머스트7호스팩,금융,스팩,0 ,0 ,0 ,A372290
DB금융스팩8호,금융,스팩,0 ,0 ,0 ,A367340
엔에이치스팩16호,금융,스팩,0 ,0 ,0 ,A353190
유안타제5호스팩,금융,스팩,0 ,0 ,0 ,A336060
SK6호스팩,금융,스팩,0 ,0 ,0 ,A340350
대신밸런스제8호스팩,금융,스팩,0 ,1 ,0 ,A336570
대신밸런스제7호스팩,금융,스팩,0 ,0 ,0 ,A332290
케이비17호스팩,금융,스팩,0 ,0 ,0 ,A317030
유안타제7호스팩,금융,스팩,0 ,0 ,0 ,A367460
교보10호스팩,금융,스팩,0 ,0 ,0 ,A355150
IBKS제13호스팩,금융,스팩,0 ,0 ,0 ,A351340
유진스팩6호,금융,스팩,0 ,0 ,0 ,A373340
SK5호스팩,금융,스팩,0 ,0 ,0 ,A337450
신한제6호스팩,금융,스팩,0 ,0 ,0 ,A333050
미래에셋대우스팩 5호,금융,스팩,0 ,0 ,0 ,A353490
에이치엠씨제5호스팩,금융,스팩,0 ,0 ,0 ,A353060
하이제5호스팩,금융,스팩,0 ,0 ,0 ,A340120
한국9호스팩,금융,스팩,0 ,0 ,0 ,A368770
유안타제4호스팩,금융,스팩,0 ,0 ,0 ,A313750
DB금융스팩9호,금융,스팩,0 ,0 ,0 ,A367360
상상인이안1호스팩,금융,스팩,0 ,0 ,0 ,A307870
상상인이안제2호스팩,금융,스팩,0 ,0 ,0 ,A329560
엔에이치스팩18호,금융,스팩,0 ,0 ,0 ,A365590
하나금융15호스팩,금융,스팩,0 ,0 ,0 ,A341160
한화플러스제1호스팩,금융,스팩,0 ,0 ,0 ,A340440
대신밸런스제9호스팩,금융,스팩,0 ,0 ,0 ,A369370
IBKS제14호스팩,금융,스팩,0 ,0 ,0 ,A351320
신영스팩6호,금융,스팩,0 ,0 ,0 ,A344050
하나금융14호스팩,금융,스팩,0 ,0 ,0 ,A332710
케이비제19호스팩,금융,스팩,0 ,0 ,0 ,A330990
럭슬,자동차 및 관련부품,제동장치,0 ,0 ,-309 ,A033600
하나금융16호스팩,금융,스팩,0 ,0 ,0 ,A343510
에이치엠씨제4호스팩,금융,스팩,0 ,0 ,0 ,A353070
교보9호스팩,금융,스팩,0 ,0 ,0 ,A331520
신영스팩5호,금융,스팩,0 ,1 ,0 ,A323280
IBKS제15호스팩,금융,스팩,0 ,0 ,0 ,A373200
이베스트스팩5호,금융,스팩,0 ,0 ,0 ,A349720
엔에이치스팩13호,금융,스팩,0 ,0 ,0 ,A310840
IBKS제12호스팩,금융,스팩,0 ,0 ,0 ,A335870
한국제8호스팩,금융,스팩,0 ,0 ,0 ,A310870
이베스트이안스팩1호,금융,스팩,0 ,0 ,0 ,A323210
키움제5호스팩,금융,스팩,0 ,0 ,0 ,A311270
케이프이에스제4호,금융,스팩,0 ,0 ,0 ,A347140
에스제이케이,자동차 및 관련부품,전장부품,0 ,0 ,0 ,A080440
하나머스트제6호스팩,금융,스팩,0 ,0 ,0 ,A307160
SK4호스팩,금융,스팩,0 ,0 ,0 ,A307070
에스앤씨엔진그룹,자동차 및 관련부품,기타 자동차부품,0 ,0 ,-190 ,A900080
미래에셋생명,금융,생명보험,1 ,-225 ,315 ,A085620
한일현대시멘트,건설 및 건축자재,시멘트 및 레미콘,1 ,256 ,142 ,A006390
케이티알파,유통,홈쇼핑,1 ,0 ,8 ,A036030
삼부토건,건설 및 건축자재,중견건설사,1 ,-257 ,105 ,A001470
셀루메드,의료기기 및 용품,의료용품,1 ,15 ,2 ,A049180
에스맥,IT 장비 및 소재,스마트폰 부품,1 ,-39 ,-38 ,A097780
오킨스전자,반도체 관련장비 및 부품,반도체 부품,1 ,1 ,-4 ,A080580
레몬,화학,종합 화학,1 ,-79 ,-1 ,A294140
제우스,반도체 관련장비 및 부품,반도체장비,1 ,50 ,46 ,A079370
AP위성,통신,통신장비,1 ,-24 ,0 ,A211270
와이어블,통신,통신장비,1 ,24 ,2 ,A065530
오비고,IT서비스,소프트웨어,1 ,0 ,0 ,A352910
바이오스마트,IT서비스,전자결제,1 ,-97 ,-7 ,A038460
리메드,의료기기 및 용품,의료기기,1 ,-47 ,1 ,A302550
보락,식음료,식료품,1 ,1 ,0 ,A002760
컴퍼니케이,금융,기타 금융,1 ,51 ,20 ,A307930
인트로메딕,의료기기 및 용품,의료기기,1 ,-27 ,2 ,A150840
라이트론,통신,통신장비,1 ,-62 ,-17 ,A069540
아시아경제,미디어 및 엔터,미디어,1 ,-17 ,24 ,A127710
알엔투테크놀로지,IT 장비 및 소재,IT 소재 및 부품,1 ,9 ,-9 ,A148250
대원화성,섬유 및 의류,피혁(가죽),1 ,-24 ,1 ,A024890
휴니드,기계,방위산업,1 ,92 ,-5 ,A005870
케이씨에스,IT서비스,시스템서비스,1 ,13 ,3 ,A115500
제룡전기,기계,전력기자재,1 ,10 ,1 ,A033100
에이디칩스,반도체 관련장비 및 부품,반도체 유통,1 ,-80 ,-3 ,A054630
평화산업,자동차 및 관련부품,기타 자동차부품,1 ,10 ,-39 ,A090080
지더블유바이텍,제약 및 바이오,바이오,1 ,-70 ,33 ,A036180
모비스,IT서비스,시스템서비스,1 ,-4 ,-1 ,A250060
NHN벅스,미디어 및 엔터,미디어,1 ,-42 ,-10 ,A104200
대양제지,종이 및 용기,종이,1 ,-114 ,37 ,A006580
삼영엠텍,기계,플랜트설비,1 ,9 ,32 ,A054540
포시에스,IT서비스,소프트웨어,1 ,24 ,-1 ,A189690
엠브레인,IT서비스,시스템서비스,1 ,36 ,4 ,A169330
평화홀딩스,지주사,지주사,1 ,83 ,-46 ,A010770
엔케이물산,종이 및 용기,용기 및 포장재,1 ,-35 ,-10 ,A009810
TPC,전기 및 전자기기,전자기기,1 ,35 ,2 ,A048770
세종메디칼,의료기기 및 용품,의료용품,1 ,0 ,-4 ,A258830
휴네시온,IT서비스,보안서비스,1 ,36 ,0 ,A290270
서울전자통신,IT 장비 및 소재,파워서플라이,1 ,-23 ,6 ,A027040
와토스코리아,건설 및 건축자재,위생도기,1 ,7 ,1 ,A079000
이엘피,디스플레이 장비 및 부품,디스플레이 장비,1 ,-7 ,16 ,A063760
화천기계,기계,공작기계,1 ,-25 ,-10 ,A010660
에스디시스템,IT서비스,시스템서비스,1 ,-2 ,-3 ,A121890
벽산,건설 및 건축자재,건축자재,2 ,-17 ,-4 ,A007210
동구바이오제약,제약 및 바이오,제약,2 ,0 ,22 ,A006620
에스퓨얼셀,IT 장비 및 소재,2차전지,2 ,4 ,4 ,A288620
캔서롭,의료기기 및 용품,진단기기,2 ,-15 ,-15 ,A180400
엔브이에이치코리아,자동차 및 관련부품,차량 내장재,2 ,50 ,-72 ,A067570
에이프로젠 H&G,미디어 및 엔터,게임,2 ,13 ,52 ,A109960
엑셈,IT서비스,소프트웨어,2 ,25 ,31 ,A205100
메디프론,제약 및 바이오,바이오,2 ,-3 ,-19 ,A065650
지엔원에너지,에너지,태양광,2 ,10 ,-1 ,A270520
우원개발,건설 및 건축자재,중견건설사,2 ,-52 ,75 ,A046940
소룩스,반도체 관련장비 및 부품,반도체 부품,2 ,0 ,0 ,A290690
SH에너지화학,화학,합성수지,2 ,-4 ,-6 ,A002360
제일바이오,제약 및 바이오,동물용의약품,2 ,2 ,-2 ,A052670
인성정보,의료기기 및 용품,의료서비스,2 ,36 ,-7 ,A033230
로지시스,IT서비스,금융시스템,2 ,5 ,2 ,A067730
오스템,자동차 및 관련부품,차체부품,2 ,-25 ,41 ,A031510
솔고바이오,의료기기 및 용품,의료용품,2 ,0 ,-7 ,A043100
파워넷,IT 장비 및 소재,파워서플라이,2 ,-14 ,7 ,A037030
현우산업,IT 장비 및 소재,PCB,2 ,23 ,3 ,A092300
GH신소재,자동차 및 관련부품,기타 자동차부품,2 ,-5 ,7 ,A130500
대성파인텍,자동차 및 관련부품,기타 자동차부품,2 ,5 ,5 ,A104040
손오공,유아동산업,유아동산업,2 ,-3 ,-5 ,A066910
유니온커뮤니티,전기 및 전자기기,보안장비,2 ,4 ,4 ,A203450
싸이버원,IT서비스,시스템서비스,2 ,7 ,6 ,A356890
원림,종이 및 용기,용기 및 포장재,2 ,13 ,158 ,A005820
성우전자,IT 장비 및 소재,스마트폰 부품,2 ,-23 ,4 ,A081580
동원수산,식음료,식료품,2 ,-61 ,-3 ,A030720
에스아이리소스,유틸리티,전력,2 ,8 ,8 ,A065420
진양폴리,화학,폴리우레탄,2 ,1 ,6 ,A010640
한국주강,조선,조선기자재,2 ,-5 ,-3 ,A025890
이미지스,IT 장비 및 소재,스마트폰 부품,2 ,-15 ,-11 ,A115610
삼화페인트,건설 및 건축자재,페인트,3 ,19 ,29 ,A000390
성광벤드,기계,피팅 및 밸브,3 ,-32 ,-40 ,A014620
세경하이테크,IT 장비 및 소재,스마트폰 부품,3 ,-2 ,-5 ,A148150
라온피플,IT 장비 및 소재,카메라모듈,3 ,-9 ,-12 ,A300120
이화전기,기계,전력기자재,3 ,-56 ,-14 ,A024810
에넥스,가정용품,가구,3 ,-60 ,7 ,A011090
푸드나무,식음료,식료품,3 ,15 ,26 ,A290720
유유제약,제약 및 바이오,제약,3 ,-5 ,7 ,A000220
센코,전기 및 전자기기,전자기기,3 ,0 ,0 ,A347000
디지틀조선,미디어 및 엔터,미디어,3 ,-2 ,10 ,A033130
한국팩키지,종이 및 용기,용기 및 포장재,3 ,7 ,9 ,A037230
부산산업,건설 및 건축자재,시멘트 및 레미콘,3 ,4 ,9 ,A011390
비올,의료기기 및 용품,의료기기,3 ,0 ,0 ,A335890
퍼스텍,기계,방위산업,3 ,37 ,35 ,A010820
한네트,IT서비스,전자결제,3 ,4 ,5 ,A052600
흥구석유,석유 및 가스,석유판매,3 ,40 ,4 ,A024060
삼영화학,종이 및 용기,용기 및 포장재,3 ,-6 ,3 ,A003720
신화인터텍,디스플레이 장비 및 부품,디스플레이 부품,3 ,-34 ,59 ,A056700
중앙에너비스,석유 및 가스,석유판매,3 ,190 ,0 ,A000440
IMBC,미디어 및 엔터,미디어,3 ,4 ,-3 ,A052220
하이로닉,의료기기 및 용품,의료기기,3 ,18 ,5 ,A149980
쎄노텍,화학,기타 화학,3 ,-63 ,-1 ,A222420
미래생명자원,식음료,식료품,3 ,-1 ,4 ,A218150
신라섬유,섬유 및 의류,섬유,3 ,2 ,3 ,A001000
신라에스지,식음료,식료품,3 ,3 ,-5 ,A025870
우림기계,기계,중장비 및 관련품,3 ,-95 ,2 ,A101170
코디,가정용품,화장품,3 ,-26 ,-16 ,A080530
시큐브,IT서비스,보안서비스,3 ,12 ,4 ,A131090
에스피시스템스,기계,기계,3 ,-4 ,1 ,A317830
브리지텍,IT서비스,컨택센터,3 ,10 ,-7 ,A064480
영신금속,자동차 및 관련부품,선재(볼트),3 ,5 ,-7 ,A007530
신화실업,종이 및 용기,용기 및 포장재,3 ,3 ,4 ,A001770
크루셜텍,IT 장비 및 소재,스마트폰 부품,3 ,-122 ,34 ,A114120
디젠스,자동차 및 관련부품,기타 자동차부품,3 ,-64 ,9 ,A113810
일양약품,제약 및 바이오,제약,4 ,3 ,49 ,A007570
에이프로,IT 장비 및 소재,2차전지,4 ,-24 ,-17 ,A262260
대한방직,섬유 및 의류,섬유,4 ,3 ,4 ,A001070
아모그린텍,IT 장비 및 소재,스마트폰 부품,4 ,19 ,16 ,A125210
윈스,IT서비스,보안서비스,4 ,62 ,31 ,A136540
피엔에이치테크,화학,종합 화학,4 ,-7 ,0 ,A239890
모나리자,종이 및 용기,종이,4 ,14 ,16 ,A012690
일신석재,건설 및 건축자재,건축자재,4 ,-1 ,3 ,A007110
웅진,IT서비스,시스템서비스,4 ,-38 ,36 ,A016880
이그잭스,IT 장비 및 소재,스마트폰 부품,4 ,0 ,16 ,A060230
광명전기,기계,전력기자재,4 ,3 ,6 ,A017040
아센디오,운송 및 물류,운송인프라,4 ,52 ,7 ,A012170
코콤,건설 및 건축자재,홈네트워크,4 ,25 ,28 ,A015710
SG글로벌,자동차 및 관련부품,차량 시트,4 ,-21 ,5 ,A001380
아이오케이,IT서비스,소프트웨어,4 ,-34 ,-59 ,A078860
대림B&CO,건설 및 건축자재,위생도기,4 ,36 ,2 ,A005750
율호,IT서비스,소프트웨어,4 ,1 ,-2 ,A072770
프리엠스,기계,중장비 및 관련품,4 ,4 ,2 ,A053160
토탈소프트,운송 및 물류,운송인프라,4 ,1 ,5 ,A045340
오리엔트정공,자동차 및 관련부품,변속기부품,4 ,-124 ,-12 ,A065500
애머릿지,자동차 및 관련부품,타이어,4 ,-31 ,-16 ,A900100
알에스오토메이션,기계,산업용 로봇,4 ,-23 ,-3 ,A140670
대주산업,식음료,사료,4 ,14 ,8 ,A003310
우신시스템,자동차 및 관련부품,차체부품,4 ,-87 ,16 ,A017370
위세아이텍,IT서비스,시스템서비스,4 ,18 ,6 ,A065370
우정바이오,제약 및 바이오,바이오,4 ,-25 ,-83 ,A215380
혜인,기계,중장비 및 관련품,4 ,39 ,32 ,A003010
화천기공,기계,공작기계,4 ,-22 ,-7 ,A000850
한창산업,철강 및 비철강,아연,4 ,-4 ,6 ,A079170
크로바하이텍,IT 장비 및 소재,파워서플라이,4 ,1 ,-8 ,A043590
TJ미디어,레저산업,레저,4 ,-19 ,-18 ,A032540
자이글,가정용품,가전제품,4 ,9 ,13 ,A234920
포메탈,자동차 및 관련부품,기타 자동차부품,4 ,3 ,1 ,A119500
아즈텍WB,섬유 및 의류,의류,4 ,23 ,12 ,A032080
케이씨피드,식음료,사료,4 ,2 ,3 ,A025880
국일신동,철강 및 비철강,구리,4 ,6 ,-2 ,A060480
우리로,통신,통신장비,4 ,-120 ,31 ,A046970
성문전자,IT 장비 및 소재,콘덴서,4 ,-7 ,-4 ,A014910
와이오엠,섬유 및 의류,의류,4 ,-5 ,3 ,A066430
광진실업,철강 및 비철강,봉형강,4 ,-6 ,-3 ,A026910
엑스큐어,전기 및 전자기기,스마트카드,4 ,-4 ,-8 ,A070300
삼성출판사,미디어 및 엔터,미디어,5 ,501 ,1 ,A068290
키네마스터,IT서비스,소프트웨어,5 ,-6 ,14 ,A139670
이엔드디,자동차 및 관련부품,기타 자동차부품,5 ,-66 ,14 ,A101360
대보마그네틱,IT 장비 및 소재,2차전지,5 ,-11 ,-8 ,A290670
한국전자인증,IT서비스,공인인증서,5 ,4 ,10 ,A041460
유일에너테크,IT 장비 및 소재,2차전지,5 ,-1 ,-13 ,A340930
대유플러스,자동차 및 관련부품,조향부품,5 ,-6 ,9 ,A000300
이루온,IT서비스,시스템서비스,5 ,18 ,14 ,A065440
이노메트리,IT 장비 및 소재,2차전지,5 ,-37 ,-15 ,A302430
수산아이앤티,IT서비스,시스템서비스,5 ,7 ,5 ,A050960
케이맥,디스플레이 장비 및 부품,디스플레이 장비,5 ,-150 ,33 ,A043290
티비씨,미디어 및 엔터,미디어,5 ,26 ,2 ,A033830
엘컴텍,IT 장비 및 소재,카메라모듈,5 ,-41 ,-19 ,A037950
SM LIFE DESIGN,유통,유통,5 ,-23 ,-1 ,A063440
석경에이티,화학,종합 화학,5 ,0 ,1 ,A357550
하이텍팜,제약 및 바이오,원료의약품,5 ,-11 ,6 ,A106190
초록뱀컴퍼니,운송 및 물류,육상운송,5 ,7 ,192 ,A052300
드림씨아이에스,제약 및 바이오,바이오,5 ,13 ,18 ,A223250
까스텔바작,섬유 및 의류,의류,5 ,11 ,9 ,A308100
마니커에프앤지,식음료,식료품,5 ,13 ,6 ,A195500
세명전기,기계,전력기자재,5 ,3 ,16 ,A017510
대한과학,의료기기 및 용품,의료기기,5 ,5 ,3 ,A131220
삼진엘앤디,디스플레이 장비 및 부품,디스플레이 부품,5 ,-26 ,6 ,A054090
메이슨캐피탈,금융,기타 금융,5 ,2 ,19 ,A021880
프럼파스트,건설 및 건축자재,건축자재,5 ,4 ,2 ,A035200
네오크레마,식음료,식료품,5 ,7 ,4 ,A311390
서암기계공업,기계,공작기계,5 ,-3 ,-3 ,A100660
이상네트웍스,유통,전자상거래,5 ,-11 ,5 ,A080010
지니언스,IT서비스,소프트웨어,5 ,28 ,8 ,A263860
리노스,섬유 및 의류,의류,5 ,-25 ,-7 ,A039980
엔피케이,화학,합성수지,5 ,1 ,8 ,A048830
풍강,자동차 및 관련부품,기타 자동차부품,5 ,14 ,6 ,A093380
모두투어리츠,일반서비스,부동산,5 ,3 ,3 ,A204210
한국코퍼레이션,IT서비스,컨택센터,5 ,-52 ,8 ,A050540
나노스,IT 장비 및 소재,카메라모듈,6 ,-12 ,-25 ,A151910
하나기술,IT 장비 및 소재,2차전지,6 ,0 ,0 ,A299030
파세코,가정용품,주방용품,6 ,23 ,55 ,A037070
특수건설,건설 및 건축자재,중견건설사,6 ,11 ,-10 ,A026150
명문제약,제약 및 바이오,제약,6 ,-80 ,-48 ,A017180
나인테크,IT 장비 및 소재,2차전지,6 ,-8 ,8 ,A267320
뉴인텍,IT 장비 및 소재,콘덴서,6 ,0 ,0 ,A012340
모바일어플라이언스,자동차 및 관련부품,전장부품,6 ,3 ,4 ,A087260
제일제강,철강 및 비철강,선재(와이어),6 ,-7 ,-13 ,A023440
삼일제약,제약 및 바이오,제약,6 ,-5 ,-2 ,A000520
대우부품,자동차 및 관련부품,전장부품,6 ,-32 ,-4 ,A009320
아톤,IT서비스,소프트웨어,6 ,-8 ,-3 ,A158430
제노코,기계,우주항공,6 ,5 ,9 ,A361390
한국맥널티,식음료,음료,6 ,8 ,5 ,A222980
희림,건설 및 건축자재,중견건설사,6 ,34 ,7 ,A037440
타이거일렉,반도체 관련장비 및 부품,반도체장비,6 ,-8 ,17 ,A219130
케이에스피,조선,조선기자재,6 ,0 ,1 ,A073010
제일테크노스,건설 및 건축자재,거푸집,6 ,-35 ,-6 ,A038010
체리부로,식음료,식료품,6 ,-161 ,-48 ,A066360
코아스,가정용품,가구,6 ,0 ,-18 ,A071950
젬백스,제약 및 바이오,바이오,7 ,5 ,-18 ,A082270
진매트릭스,제약 및 바이오,바이오,7 ,7 ,18 ,A109820
갤럭시아머니트리,IT서비스,전자결제,7 ,7 ,11 ,A094480
라파스,가정용품,화장품,7 ,-17 ,-11 ,A214260
녹십자웰빙,제약 및 바이오,바이오,7 ,-17 ,12 ,A234690
바이오톡스텍,제약 및 바이오,바이오,7 ,5 ,5 ,A086040
에스엠코어,기계,자동화기기,7 ,-10 ,3 ,A007820
오하임아이엔티,금융,기타 금융,7 ,0 ,0 ,A309930
칩스앤미디어,반도체 관련장비 및 부품,반도체 설계,7 ,2 ,11 ,A094360
플레이디,미디어 및 엔터,광고,7 ,7 ,2 ,A237820
까뮤이앤씨,건설 및 건축자재,중견건설사,7 ,-4 ,29 ,A013700
지니틱스,반도체 관련장비 및 부품,반도체 부품,7 ,-19 ,6 ,A303030
삼일기업공사,건설 및 건축자재,중견건설사,7 ,4 ,3 ,A002290
푸른기술,전기 및 전자기기,전자기기,7 ,9 ,2 ,A094940
효성오앤비,화학,비료 및 농약,7 ,6 ,-3 ,A097870
핸디소프트,IT서비스,소프트웨어,7 ,12 ,10 ,A220180
무림SP,종이 및 용기,종이,7 ,-25 ,-14 ,A001810
신원종합개발,건설 및 건축자재,중견건설사,7 ,-149 ,-17 ,A017000
세보엠이씨,건설 및 건축자재,중견건설사,7 ,8 ,15 ,A011560
제룡산업,기계,전력기자재,7 ,8 ,6 ,A147830
인산가,식음료,식료품,7 ,19 ,11 ,A277410
WISCOM,화학,합성수지,7 ,-7 ,4 ,A024070
전방,섬유 및 의류,섬유,7 ,240 ,-60 ,A000950
서산,건설 및 건축자재,시멘트 및 레미콘,7 ,-2 ,-11 ,A079650
대모,기계,기계,7 ,-8 ,-4 ,A317850
신화콘텍,IT 장비 및 소재,IT 소재 및 부품,7 ,3 ,2 ,A187270
세진티에스,디스플레이 장비 및 부품,디스플레이 부품,7 ,-3 ,22 ,A067770
아래스,IT서비스,시스템서비스,7 ,-27 ,8 ,A050320
엘디티,반도체 관련장비 및 부품,반도체 설계,7 ,9 ,5 ,A096870
유아이디,디스플레이 장비 및 부품,디스플레이 부품,7 ,-11 ,-27 ,A069330
알테오젠,제약 및 바이오,바이오,8 ,-104 ,41 ,A196170
동아쏘시오홀딩스,지주사,지주사,8 ,"1,347 ",128 ,A000640
동아에스티,제약 및 바이오,제약,8 ,-145 ,42 ,A170900
일진다이아,철강 및 비철강,광물,8 ,-15 ,26 ,A081000
멕아이씨에스,의료기기 및 용품,의료기기,8 ,49 ,90 ,A058110
위드텍,전기 및 전자기기,전자기기,8 ,0 ,0 ,A348350
일성건설,건설 및 건축자재,중견건설사,8 ,3 ,7 ,A013360
동양철관,철강 및 비철강,강관,8 ,-3 ,21 ,A008970
코리아나,가정용품,화장품,8 ,5 ,-8 ,A027050
대성창투,금융,기타 금융,8 ,-19 ,34 ,A027830
신일전자,가정용품,가전제품,8 ,15 ,13 ,A002700
엔텔스,통신,통신서비스,8 ,30 ,2 ,A069410
큐에스아이,IT 장비 및 소재,IT 소재 및 부품,8 ,0 ,-13 ,A066310
한신기계,기계,기계,8 ,8 ,7 ,A011700
신풍제지,종이 및 용기,종이,8 ,396 ,-12 ,A002870
승일,종이 및 용기,용기 및 포장재,8 ,-14 ,0 ,A049830
NH프라임리츠,일반서비스,부동산,8 ,18 ,9 ,A338100
액트로,IT 장비 및 소재,스마트폰 부품,8 ,-22 ,-3 ,A290740
코위버,통신,통신장비,8 ,19 ,17 ,A056360
진양제약,제약 및 바이오,제약,8 ,11 ,13 ,A007370
토박스코리아,섬유 및 의류,의류,8 ,-23 ,-1 ,A215480
SGA솔루션즈,IT서비스,보안서비스,8 ,76 ,-3 ,A184230
한국바이오젠,화학,종합 화학,8 ,12 ,10 ,A318000
피앤씨테크,유틸리티,스마트그리드,8 ,-1 ,1 ,A237750
부스타,기계,보일러,8 ,23 ,9 ,A008470
씨유메디칼,의료기기 및 용품,의료기기,8 ,-215 ,-29 ,A115480
아이디피,전기 및 전자기기,전자기기,8 ,0 ,4 ,A332370
YW,유통,유통,8 ,8 ,7 ,A051390
경인전자,전기 및 전자기기,전기장비,8 ,-9 ,9 ,A009140
패션플랫폼,섬유 및 의류,의류,8 ,-13 ,14 ,A225590
한국파마,제약 및 바이오,바이오,9 ,5 ,10 ,A032300
크리스탈지노믹스,제약 및 바이오,바이오,9 ,-156 ,151 ,A083790
APS홀딩스,지주사,지주사,9 ,-466 ,54 ,A054620
제일파마홀딩스,지주사,지주사,9 ,27 ,16 ,A002620
동방,운송 및 물류,운송인프라,9 ,27 ,217 ,A004140
아미노로직스,제약 및 바이오,원료의약품,9 ,9 ,7 ,A074430
KNN,미디어 및 엔터,미디어,9 ,34 ,11 ,A058400
앤디포스,IT 장비 및 소재,스마트폰 부품,9 ,-55 ,119 ,A238090
화일약품,제약 및 바이오,제약,9 ,-3 ,4 ,A061250
삼목에스폼,건설 및 건축자재,거푸집,9 ,81 ,-57 ,A018310
서연이화,자동차 및 관련부품,차량 시트,9 ,77 ,24 ,A200880
빅텍,기계,방위산업,9 ,12 ,11 ,A065450
블루콤,IT 장비 및 소재,스마트폰 부품,9 ,8 ,23 ,A033560
팬엔터테인먼트,미디어 및 엔터,미디어,9 ,7 ,11 ,A068050
에이텍티앤,전기 및 전자기기,스마트카드,9 ,13 ,0 ,A224110
국제약품,제약 및 바이오,제약,9 ,-37 ,7 ,A002720
옵티시스,통신,통신장비,9 ,1 ,-2 ,A109080
엔에스,IT 장비 및 소재,2차전지,9 ,15 ,-4 ,A217820
PN풍년,가정용품,주방용품,9 ,-2 ,6 ,A024940
상보,디스플레이 장비 및 부품,디스플레이 부품,9 ,-12 ,12 ,A027580
인콘,전기 및 전자기기,보안장비,9 ,6 ,5 ,A083640
제이스텍,디스플레이 장비 및 부품,디스플레이 장비,9 ,-82 ,-22 ,A090470
이지스레지던스리츠,일반서비스,부동산,9 ,0 ,0 ,A350520
삼양옵틱스,IT 장비 및 소재,카메라모듈,9 ,5 ,8 ,A225190
디이엔티,디스플레이 장비 및 부품,디스플레이 장비,9 ,-42 ,3 ,A079810
웰크론한텍,기계,플랜트설비,9 ,3 ,10 ,A076080
디알텍,의료기기 및 용품,의료기기,9 ,-58 ,-9 ,A214680
EMW,IT 장비 및 소재,스마트폰 부품,9 ,-21 ,-16 ,A079190
램테크놀러지,반도체 관련장비 및 부품,반도체 부품,9 ,7 ,8 ,A171010
폴라리스오피스,IT서비스,소프트웨어,9 ,-2 ,10 ,A041020
화성밸브,기계,피팅 및 밸브,9 ,5 ,1 ,A039610
상신전자,IT 장비 및 소재,전자부품,9 ,3 ,9 ,A263810
슈프리마아이디,IT 장비 및 소재,카메라모듈,9 ,4 ,7 ,A317770
오파스넷,IT서비스,시스템서비스,9 ,20 ,21 ,A173130
체시스,자동차 및 관련부품,동력전달장치,9 ,-16 ,-14 ,A033250
파커스,전기 및 전자기기,LED,9 ,-106 ,6 ,A065690
이퓨쳐,일반서비스,교육,9 ,4 ,1 ,A134060
인포마크,전기 및 전자기기,전자기기,9 ,-83 ,-3 ,A175140
이스트아시아홀딩스,섬유 및 의류,의류,9 ,-1 ,15 ,A900110
이연제약,제약 및 바이오,제약,10 ,16 ,9 ,A102460
코미팜,제약 및 바이오,동물용의약품,10 ,-19 ,-10 ,A041960
엠투엔,종이 및 용기,용기 및 포장재,10 ,-79 ,7 ,A033310
신성통상,섬유 및 의류,의류,10 ,204 ,-31 ,A005390
아바텍,디스플레이 장비 및 부품,디스플레이 장비,10 ,5 ,20 ,A149950
미래컴퍼니,디스플레이 장비 및 부품,디스플레이 장비,10 ,-69 ,-40 ,A049950
로보스타,기계,산업용 로봇,10 ,-35 ,-54 ,A090360
씨에스베어링,기계,기계,10 ,14 ,5 ,A297090
오텍,기계,기계,10 ,-30 ,23 ,A067170
핌스,반도체 관련장비 및 부품,반도체 부품,10 ,-17 ,23 ,A347770
비트컴퓨터,의료기기 및 용품,의료서비스,10 ,27 ,7 ,A032850
코렌텍,의료기기 및 용품,의료용품,10 ,-2 ,4 ,A104540
신일제약,제약 및 바이오,제약,10 ,11 ,19 ,A012790
티사이언티픽,유통,전자상거래,10 ,0 ,9 ,A057680
위지트,디스플레이 장비 및 부품,디스플레이 부품,10 ,84 ,32 ,A036090
나무기술,IT서비스,소프트웨어,10 ,17 ,-11 ,A242040
파이오링크,통신,통신장비,10 ,52 ,28 ,A170790
KCI,화학,계면활성제,10 ,8 ,22 ,A036670
코데즈컴바인,섬유 및 의류,의류,10 ,30 ,9 ,A047770
동국알앤에스,철강 및 비철강,광물,10 ,-1 ,6 ,A075970
지엔씨에너지,유틸리티,전력,10 ,8 ,1 ,A119850
파인디지털,자동차 및 관련부품,전장부품,10 ,-14 ,52 ,A038950
대호특수강,철강 및 비철강,선재(와이어),10 ,-112 ,-21 ,A021040
네오티스,기계,기계,10 ,-8 ,8 ,A085910
제이엠아이,디스플레이 장비 및 부품,디스플레이 장비,10 ,-47 ,-13 ,A033050
진도,섬유 및 의류,의류,10 ,-6 ,-5 ,A088790
한솔PNS,종이 및 용기,종이,10 ,1 ,15 ,A010420
케이피티유,기계,기계,10 ,-47 ,8 ,A054410
쎄트렉아이,기계,우주항공,11 ,39 ,29 ,A099320
켐온,제약 및 바이오,바이오,11 ,3 ,4 ,A217600
한컴MDS,IT서비스,소프트웨어,11 ,-3 ,7 ,A086960
안국약품,제약 및 바이오,제약,11 ,6 ,3 ,A001540
비씨월드제약,제약 및 바이오,제약,11 ,-3 ,11 ,A200780
코퍼스코리아,미디어 및 엔터,미디어,11 ,0 ,0 ,A322780
이지스밸류리츠,일반서비스,부동산,11 ,17 ,0 ,A334890
한독크린텍,가정용품,가전제품,11 ,18 ,27 ,A256150
스페코,기계,플랜트설비,11 ,0 ,28 ,A013810
플레이위드,미디어 및 엔터,게임,11 ,2 ,30 ,A023770
선진뷰티사이언스,가정용품,화장품,11 ,-1 ,-8 ,A086710
모나미,가정용품,개인용품,11 ,22 ,1 ,A005360
참엔지니어링,디스플레이 장비 및 부품,디스플레이 장비,11 ,-100 ,140 ,A009310
팜스빌,제약 및 바이오,바이오,11 ,-7 ,8 ,A318010
진양산업,화학,폴리우레탄,11 ,-10 ,30 ,A003780
성우테크론,반도체 관련장비 및 부품,반도체장비,11 ,19 ,10 ,A045300
세우글로벌,유통,유통,11 ,-27 ,3 ,A013000
글로벌에스엠,기계,기계,11 ,23 ,3 ,A900070
아이컴포넌트,디스플레이 장비 및 부품,디스플레이 부품,11 ,-9 ,-4 ,A059100
한일화학,화학,기타 화학,11 ,8 ,-4 ,A007770
대동금속,자동차 및 관련부품,엔진부품,11 ,5 ,-1 ,A020400
아이티엠반도체,IT 장비 및 소재,2차전지,12 ,32 ,34 ,A084850
일신바이오,의료기기 및 용품,의료기기,12 ,7 ,9 ,A068330
시노펙스,디스플레이 장비 및 부품,디스플레이 부품,12 ,-62 ,-23 ,A025320
국전약품,제약 및 바이오,제약,12 ,0 ,0 ,A307750
야스,디스플레이 장비 및 부품,디스플레이 부품,12 ,7 ,18 ,A255440
위즈코프,석유 및 가스,석유판매,12 ,-6 ,18 ,A038620
줌인터넷,IT서비스,인터넷서비스,12 ,4 ,5 ,A239340
대원전선,전기 및 전자기기,케이블,12 ,7 ,0 ,A006340
TS인베스트먼트,금융,기타 금융,12 ,31 ,8 ,A246690
정산애강,건설 및 건축자재,건축자재,12 ,-4 ,10 ,A022220
TCC스틸,종이 및 용기,용기 및 포장재,12 ,-16 ,14 ,A002710
인포뱅크,IT서비스,인터넷서비스,12 ,1 ,12 ,A039290
플랜티넷,IT서비스,인터넷서비스,12 ,-2 ,4 ,A075130
아비코전자,IT 장비 및 소재,IT 소재 및 부품,12 ,-27 ,8 ,A036010
이글벳,제약 및 바이오,동물용의약품,12 ,7 ,5 ,A044960
THQ,통신,통신장비,12 ,-32 ,-4 ,A192410
이루다,의료기기 및 용품,의료용품,12 ,28 ,10 ,A164060
케이피에프,자동차 및 관련부품,기타 자동차부품,12 ,-36 ,-2 ,A024880
린드먼아시아,금융,기타 금융,12 ,16 ,7 ,A277070
케이탑리츠,일반서비스,부동산,12 ,83 ,12 ,A145270
스카이문스테크놀로지,통신,통신장비,12 ,3 ,14 ,A033790
CMG제약,제약 및 바이오,제약,13 ,-25 ,6 ,A058820
서연,지주사,지주사,13 ,123 ,-7 ,A007860
유니온머티리얼,자동차 및 관련부품,기타 자동차부품,13 ,-15 ,-11 ,A047400
크린앤사이언스,자동차 및 관련부품,기타 자동차부품,13 ,-14 ,45 ,A045520
YBM넷,일반서비스,교육,13 ,-5 ,0 ,A057030
유니켐,섬유 및 의류,피혁(가죽),13 ,37 ,18 ,A011330
더블유에스아이,제약 및 바이오,바이오,13 ,0 ,0 ,A299170
한일사료,식음료,사료,13 ,41 ,-4 ,A005860
씨큐브,화학,기타 화학,13 ,6 ,2 ,A101240
동일제강,철강 및 비철강,선재(와이어),13 ,5 ,-7 ,A002690
윈하이텍,건설 및 건축자재,거푸집,13 ,-18 ,-24 ,A192390
나노캠텍,디스플레이 장비 및 부품,디스플레이 부품,13 ,-39 ,1 ,A091970
신풍제약,제약 및 바이오,제약,14 ,5 ,10 ,A019170
인트론바이오,제약 및 바이오,바이오,14 ,40 ,20 ,A048530
빙그레,식음료,음료,14 ,-148 ,150 ,A005180
제테마,의료기기 및 용품,의료기기,14 ,2 ,-21 ,A216080
하나마이크론,반도체 관련장비 및 부품,반도체장비,14 ,-162 ,-16 ,A067310
브랜드엑스코퍼레이션,섬유 및 의류,의류,14 ,-12 ,29 ,A337930
제로투세븐,유아동산업,유아동산업,14 ,-20 ,-4 ,A159580
녹십자엠에스,의료기기 및 용품,의료용품,14 ,28 ,5 ,A142280
대화제약,제약 및 바이오,제약,14 ,-10 ,-8 ,A067080
위더스제약,제약 및 바이오,바이오,14 ,12 ,7 ,A330350
와이엠씨,디스플레이 장비 및 부품,디스플레이 부품,14 ,21 ,18 ,A155650
형지엘리트,섬유 및 의류,의류,14 ,12 ,-11 ,A093240
DRB동일,자동차 및 관련부품,기타 자동차부품,14 ,-22 ,24 ,A004840
피에스텍,전기 및 전자기기,계측기,14 ,20 ,5 ,A002230
조비,화학,비료 및 농약,14 ,-2 ,-10 ,A001550
덕신하우징,건설 및 건축자재,거푸집,14 ,-24 ,-30 ,A090410
신영와코루,섬유 및 의류,의류,14 ,-31 ,23 ,A005800
이씨에스,IT서비스,컨택센터,14 ,14 ,13 ,A067010
본느,가정용품,화장품,14 ,-18 ,0 ,A226340
링크제니시스,IT서비스,소프트웨어,14 ,-2 ,6 ,A219420
DSR제강,철강 및 비철강,선재(와이어),14 ,0 ,5 ,A069730
세화피앤씨,가정용품,화장품,14 ,-3 ,17 ,A252500
원풍,화학,기타 화학,14 ,-9 ,13 ,A008370
인베니아,디스플레이 장비 및 부품,디스플레이 장비,14 ,-30 ,-33 ,A079950
에프앤리퍼블릭,전기 및 전자기기,보안장비,14 ,-278 ,-34 ,A064090
포인트모바일,IT 장비 및 소재,스마트폰 부품,15 ,0 ,0 ,A318020
경보제약,제약 및 바이오,원료의약품,15 ,3 ,25 ,A214390
포인트엔지니어링,반도체 관련장비 및 부품,반도체 부품,15 ,17 ,20 ,A256630
파나진,의료기기 및 용품,진단기기,15 ,10 ,16 ,A046210
서린바이오,제약 및 바이오,바이오,15 ,15 ,13 ,A038070
큐브엔터,미디어 및 엔터,매니지먼트,15 ,-6 ,2 ,A182360
팅크웨어,자동차 및 관련부품,전장부품,15 ,45 ,31 ,A084730
보해양조,식음료,음료,15 ,13 ,4 ,A000890
흥국에프엔비,식음료,음료,15 ,11 ,12 ,A189980
유라테크,자동차 및 관련부품,기타 자동차부품,15 ,22 ,1 ,A048430
지엠비코리아,자동차 및 관련부품,변속기부품,15 ,22 ,-28 ,A013870
에프앤가이드,IT서비스,시스템서비스,15 ,18 ,13 ,A064850
대봉엘에스,가정용품,화장품,15 ,2 ,16 ,A078140
케이엔제이,반도체 관련장비 및 부품,반도체 부품,15 ,-3 ,-32 ,A272110
유비벨록스,전기 및 전자기기,스마트카드,15 ,8 ,21 ,A089850
휴비츠,의료기기 및 용품,의료기기,15 ,36 ,35 ,A065510
한국종합기술,건설 및 건축자재,중견건설사,15 ,62 ,4 ,A023350
오리콤,미디어 및 엔터,광고,15 ,21 ,-1 ,A010470
에스에이티,통신,통신장비,15 ,9 ,13 ,A060540
알로이스,전기 및 전자기기,전자기기,15 ,11 ,4 ,A297570
티플랙스,철강 및 비철강,스테인리스,15 ,15 ,6 ,A081150
딜리,전기 및 전자기기,전자기기,15 ,-10 ,-4 ,A131180
큐로홀딩스,식음료,음료,15 ,-44 ,-19 ,A051780
아이엠,IT 장비 및 소재,카메라모듈,15 ,-76 ,-8 ,A101390
메타바이오메드,의료기기 및 용품,의료용품,15 ,-21 ,7 ,A059210
신송홀딩스,지주사,지주사,15 ,-6 ,11 ,A006880
다믈멀티미디어,반도체 관련장비 및 부품,반도체 설계,15 ,-1 ,2 ,A093640
강원,기계,플랜트설비,15 ,-62 ,1 ,A114190
한전기술,건설 및 건축자재,중견건설사,16 ,99 ,79 ,A052690
파인테크닉스,IT 장비 및 소재,스마트폰 부품,16 ,-16 ,52 ,A106240
원방테크,기계,기계,16 ,5 ,17 ,A053080
중앙백신,제약 및 바이오,동물용의약품,16 ,-15 ,9 ,A072020
머큐리,통신,통신장비,16 ,59 ,20 ,A100590
써니전자,IT 장비 및 소재,IT 소재 및 부품,16 ,10 ,22 ,A004770
보라티알,식음료,식료품,16 ,4 ,5 ,A250000
나우IB,금융,기타 금융,16 ,21 ,29 ,A293580
고려산업,식음료,사료,16 ,12 ,26 ,A002140
아진엑스텍,기계,산업용 로봇,16 ,-9 ,2 ,A059120
와이즈버즈,미디어 및 엔터,광고,16 ,-10 ,-20 ,A273060
로체시스템즈,디스플레이 장비 및 부품,디스플레이 장비,16 ,8 ,37 ,A071280
디케이앤디,섬유 및 의류,피혁(가죽),16 ,-5 ,23 ,A263020
동우팜투테이블,식음료,식료품,16 ,25 ,5 ,A088910
우진플라임,기계,기계,16 ,43 ,10 ,A049800
얼라인드,의료기기 및 용품,진단기기,16 ,7 ,0 ,A238120
에이스토리,미디어 및 엔터,미디어,17 ,31 ,-8 ,A241840
한일홀딩스,지주사,지주사,17 ,211 ,153 ,A003300
이노와이어리스,통신,통신장비,17 ,13 ,21 ,A073490
선광,운송 및 물류,운송인프라,17 ,-8 ,52 ,A003100
보광산업,건설 및 건축자재,건축자재,17 ,52 ,12 ,A225530
수산중공업,기계,중장비 및 관련품,17 ,12 ,0 ,A017550
오르비텍,기계,우주항공,17 ,-175 ,-5 ,A046120
그린플러스,철강 및 비철강,광물,17 ,-37 ,7 ,A186230
켐트로스,IT 장비 및 소재,2차전지,17 ,11 ,9 ,A220260
에이테크솔루션,기계,금형,17 ,11 ,7 ,A071670
SCI평가정보,일반서비스,신용정보,17 ,-2 ,8 ,A036120
현대에버다임,기계,중장비 및 관련품,17 ,-108 ,-8 ,A041440
카스,기계,기계,17 ,-18 ,-3 ,A016920
3S,반도체 관련장비 및 부품,반도체장비,17 ,2 ,-7 ,A060310
링네트,IT서비스,시스템서비스,17 ,33 ,19 ,A042500
이랜시스,IT 장비 및 소재,전자부품,17 ,8 ,3 ,A264850
라온테크,반도체 관련장비 및 부품,종합 반도체,17 ,0 ,0 ,A232680
MH에탄올,식음료,음료,17 ,59 ,4 ,A023150
디스플레이텍,IT 장비 및 소재,스마트폰 부품,17 ,-2 ,12 ,A066670
제이티,반도체 관련장비 및 부품,반도체장비,17 ,20 ,2 ,A089790
미래아이앤지,IT서비스,시스템서비스,17 ,4 ,3 ,A007120
제일연마,철강 및 비철강,광물,17 ,4 ,11 ,A001560
유신,건설 및 건축자재,중견건설사,17 ,13 ,1 ,A054930
파인텍,디스플레이 장비 및 부품,디스플레이 부품,17 ,-245 ,29 ,A131760
미래산업,반도체 관련장비 및 부품,반도체장비,17 ,5 ,-72 ,A025560
에이치케이,기계,기계,17 ,7 ,5 ,A044780
차바이오텍,제약 및 바이오,바이오,18 ,-103 ,-14 ,A085660
동성케미컬,지주사,지주사,18 ,-95 ,43 ,A102260
미코바이오메드,의료기기 및 용품,의료기기,18 ,0 ,17 ,A214610
NEW,미디어 및 엔터,영화,18 ,-12 ,43 ,A160550
코아시아,IT 장비 및 소재,IT 소재 및 부품,18 ,-57 ,26 ,A045970
넥스턴바이오,기계,공작기계,18 ,-32 ,-9 ,A089140
오성첨단소재,디스플레이 장비 및 부품,디스플레이 장비,18 ,5 ,11 ,A052420
씨티씨바이오,제약 및 바이오,동물용의약품,18 ,-6 ,-17 ,A060590
제이브이엠,의료기기 및 용품,의료기기,18 ,30 ,17 ,A054950
한국석유,건설 및 건축자재,건축자재,18 ,24 ,19 ,A004090
모비릭스,IT서비스,시스템서비스,18 ,22 ,34 ,A348030
잉글우드랩,가정용품,화장품,18 ,18 ,15 ,A950140
씨티케이코스메틱스,가정용품,화장품,18 ,-8 ,2 ,A260930
유에스티,철강 및 비철강,강관,18 ,16 ,14 ,A263770
메가엠디,일반서비스,교육,18 ,-21 ,26 ,A133750
비아트론,디스플레이 장비 및 부품,디스플레이 장비,18 ,31 ,54 ,A141000
남성,전기 및 전자기기,전자기기,18 ,-152 ,4 ,A004270
케이엘넷,IT서비스,시스템서비스,18 ,16 ,11 ,A039420
광진윈텍,자동차 및 관련부품,차량 시트,18 ,-7 ,17 ,A090150
디케이락,기계,피팅 및 밸브,18 ,-31 ,-1 ,A105740
KB오토시스,자동차 및 관련부품,제동장치,18 ,11 ,16 ,A024120
네오오토,자동차 및 관련부품,변속기부품,18 ,9 ,16 ,A212560
마이크로컨텍솔,반도체 관련장비 및 부품,반도체 부품,18 ,-1 ,9 ,A098120
파미셀,제약 및 바이오,바이오,19 ,7 ,7 ,A005690
엘앤씨바이오,의료기기 및 용품,의료용품,19 ,56 ,19 ,A290650
키다리스튜디오,IT서비스,소프트웨어,19 ,-6 ,5 ,A020120
에이프로젠제약,제약 및 바이오,제약,19 ,-9 ,45 ,A003060
대아티아이,운송 및 물류,운송인프라,19 ,26 ,14 ,A045390
한독,제약 및 바이오,제약,19 ,123 ,143 ,A002390
하이비젼시스템,IT 장비 및 소재,카메라모듈,19 ,23 ,55 ,A126700
남화산업,레저산업,레저,19 ,21 ,18 ,A111710
푸른저축은행,금융,은행,19 ,55 ,61 ,A007330
멀티캠퍼스,일반서비스,교육,19 ,51 ,30 ,A067280
케이사인,IT서비스,보안서비스,19 ,10 ,17 ,A192250
노루홀딩스,지주사,지주사,19 ,70 ,45 ,A000320
SBS콘텐츠허브,미디어 및 엔터,미디어,19 ,6 ,40 ,A046140
한솔홈데코,건설 및 건축자재,목재,19 ,-14 ,-20 ,A025750
남화토건,건설 및 건축자재,중견건설사,19 ,18 ,17 ,A091590
대양금속,철강 및 비철강,스테인리스,19 ,-18 ,10 ,A009190
엠플러스,IT 장비 및 소재,2차전지,19 ,24 ,32 ,A259630
이스트소프트,IT서비스,소프트웨어,19 ,41 ,9 ,A047560
디에이치피코리아,제약 및 바이오,제약,19 ,30 ,24 ,A131030
에프엔에스테크,디스플레이 장비 및 부품,디스플레이 장비,19 ,-5 ,67 ,A083500
삼화왕관,종이 및 용기,용기 및 포장재,19 ,17 ,-46 ,A004450
엔피디,IT 장비 및 소재,스마트폰 부품,19 ,-75 ,11 ,A198080
이노인스트루먼트,통신,통신장비,19 ,23 ,20 ,A215790
현대에이치티,건설 및 건축자재,홈네트워크,19 ,26 ,18 ,A039010
대유에이피,자동차 및 관련부품,기타 자동차부품,19 ,-3 ,38 ,A290120
상상인인더스트리,조선,조선기자재,19 ,5 ,-12 ,A101000
쎄니트,미디어 및 엔터,영화,19 ,7 ,-5 ,A037760
폴라리스우노,섬유 및 의류,섬유,19 ,-8 ,14 ,A114630
S&K폴리텍,IT 장비 및 소재,스마트폰 부품,19 ,-59 ,-12 ,A091340
서진오토모티브,자동차 및 관련부품,변속기부품,19 ,-61 ,-13 ,A122690
디엔에프,반도체 관련장비 및 부품,반도체 부품,20 ,34 ,58 ,A092070
한컴위드,IT서비스,보안서비스,20 ,19 ,33 ,A054920
금양,화학,기타 화학,20 ,-5 ,-29 ,A001570
티엘비,반도체 관련장비 및 부품,종합 반도체,20 ,9 ,29 ,A356860
디에스케이,디스플레이 장비 및 부품,디스플레이 장비,20 ,-93 ,-20 ,A109740
태경산업,철강 및 비철강,광물,20 ,25 ,-2 ,A015890
대정화금,화학,기타 화학,20 ,20 ,16 ,A120240
피엔케이피부임상연구센타,제약 및 바이오,바이오,20 ,10 ,17 ,A347740
코스메카코리아,가정용품,화장품,20 ,-2 ,-6 ,A241710
유니테크노,자동차 및 관련부품,기타 자동차부품,20 ,29 ,47 ,A241690
가온전선,전기 및 전자기기,케이블,20 ,14 ,10 ,A000500
비비씨,종이 및 용기,종이,20 ,15 ,28 ,A318410
구영테크,자동차 및 관련부품,기타 자동차부품,20 ,28 ,0 ,A053270
한익스프레스,운송 및 물류,육상운송,20 ,-70 ,10 ,A014130
대동전자,IT 장비 및 소재,IT 소재 및 부품,20 ,27 ,-12 ,A008110
삼진,가정용품,가전제품,20 ,-5 ,20 ,A032750
케이디켐,화학,기타 화학,20 ,9 ,27 ,A221980
대원미디어,유아동산업,유아동산업,21 ,11 ,19 ,A048910
루트로닉,의료기기 및 용품,의료기기,21 ,-140 ,38 ,A085370
오리엔탈정공,조선,조선기자재,21 ,136 ,47 ,A014940
노터스,제약 및 바이오,바이오,21 ,29 ,15 ,A278650
케어랩스,의료기기 및 용품,의료정보,21 ,-4 ,19 ,A263700
오션브릿지,반도체 관련장비 및 부품,반도체장비,21 ,63 ,7 ,A241790
덕양산업,자동차 및 관련부품,차량 내장재,21 ,-31 ,12 ,A024900
KC그린홀딩스,지주사,지주사,21 ,-309 ,-4 ,A009440
씨앤지하이테크,반도체 관련장비 및 부품,반도체장비,21 ,21 ,45 ,A264660
경남스틸,철강 및 비철강,강판,21 ,3 ,12 ,A039240
인포바인,IT서비스,공인인증서,21 ,9 ,20 ,A115310
알톤스포츠,레저산업,자전거,21 ,4 ,19 ,A123750
일지테크,자동차 및 관련부품,차체부품,21 ,-36 ,-14 ,A019540
한성기업,식음료,식료품,21 ,-12 ,-1 ,A003680
상아프론테크,IT 장비 및 소재,2차전지,22 ,-20 ,7 ,A089980
클리오,가정용품,화장품,22 ,-7 ,33 ,A237880
모다이노칩,IT 장비 및 소재,스마트폰 부품,22 ,48 ,-51 ,A080420
드림어스컴퍼니,가정용품,가전제품,22 ,-140 ,-46 ,A060570
아이씨디,디스플레이 장비 및 부품,디스플레이 장비,22 ,-71 ,213 ,A040910
금강공업,건설 및 건축자재,거푸집,22 ,-118 ,132 ,A014280
삼성공조,자동차 및 관련부품,공조부품,22 ,38 ,3 ,A006660
나라엠앤디,기계,금형,22 ,-8 ,3 ,A051490
알리코제약,제약 및 바이오,제약,22 ,-3 ,24 ,A260660
에코바이오,유틸리티,전력,22 ,6 ,37 ,A038870
오디텍,반도체 관련장비 및 부품,반도체 제조,22 ,49 ,-2 ,A080520
태양,종이 및 용기,용기 및 포장재,22 ,-2 ,9 ,A053620
금비,종이 및 용기,용기 및 포장재,22 ,28 ,-40 ,A008870
대동기어,자동차 및 관련부품,동력전달장치,22 ,11 ,1 ,A008830
나노신소재,디스플레이 장비 및 부품,디스플레이 부품,23 ,6 ,-1 ,A121600
포스코엠텍,철강 및 비철강,철강소재,23 ,13 ,23 ,A009520
조선내화,철강 및 비철강,광물,23 ,-48 ,31 ,A000480
삼익THK,기계,자동화기기,23 ,7 ,1 ,A004380
비즈니스온,IT서비스,소프트웨어,23 ,14 ,11 ,A138580
코세스,반도체 관련장비 및 부품,반도체장비,23 ,-21 ,67 ,A089890
엠아이텍,의료기기 및 용품,의료용품,23 ,15 ,12 ,A179290
브이원텍,디스플레이 장비 및 부품,디스플레이 부품,23 ,4 ,17 ,A251630
신도기연,디스플레이 장비 및 부품,디스플레이 부품,23 ,-53 ,-12 ,A290520
부국철강,철강 및 비철강,강판,23 ,1 ,7 ,A026940
동양파일,건설 및 건축자재,건축자재,23 ,-45 ,-13 ,A228340
상상인증권,금융,증권,23 ,-6 ,-17 ,A001290
심텍홀딩스,지주사,지주사,23 ,-3 ,93 ,A036710
휴스틸,철강 및 비철강,강관,23 ,123 ,-7 ,A005010
케이비아이동국실업,자동차 및 관련부품,차량 내장재,23 ,33 ,14 ,A001620
마이크로프랜드,반도체 관련장비 및 부품,반도체장비,23 ,51 ,8 ,A147760
화신정공,자동차 및 관련부품,차체부품,23 ,4 ,8 ,A126640
시너지이노베이션,자동차 및 관련부품,전장부품,24 ,-213 ,30 ,A048870
금호에이치티,자동차 및 관련부품,기타 자동차부품,24 ,-23 ,-17 ,A214330
비나텍,전기 및 전자기기,케이블,24 ,-10 ,8 ,A126340
디아이티,디스플레이 장비 및 부품,디스플레이 장비,24 ,35 ,-16 ,A110990
카프로,섬유 및 의류,섬유,24 ,-125 ,-151 ,A006380
삼아알미늄,철강 및 비철강,알루미늄,24 ,5 ,5 ,A006110
디알젬,의료기기 및 용품,의료기기,24 ,17 ,10 ,A263690
에스엔유,디스플레이 장비 및 부품,디스플레이 장비,24 ,-15 ,13 ,A080000
삼원강재,자동차 및 관련부품,스프링,24 ,15 ,24 ,A023000
에스씨디,가정용품,가전제품,24 ,24 ,19 ,A042110
정다운,식음료,식료품,24 ,-13 ,4 ,A208140
동일금속,기계,중장비 및 관련품,24 ,12 ,16 ,A109860
한국큐빅,자동차 및 관련부품,기타 자동차부품,24 ,15 ,32 ,A021650
예선테크,반도체 관련장비 및 부품,반도체 부품,24 ,-29 ,30 ,A250930
오공,화학,기타 화학,24 ,27 ,20 ,A045060
한일네트웍스,IT서비스,시스템서비스,24 ,25 ,18 ,A046110
유양디앤유,IT 장비 및 소재,파워서플라이,25 ,49 ,-12 ,A011690
서울옥션,유통,유통,25 ,-14 ,5 ,A063170
인텍플러스,반도체 관련장비 및 부품,반도체장비,25 ,40 ,20 ,A064290
에이텍,가정용품,가전제품,25 ,12 ,9 ,A045660
엘앤케이바이오,의료기기 및 용품,의료용품,25 ,-115 ,2 ,A156100
이크레더블,일반서비스,신용정보,25 ,-6 ,16 ,A092130
아남전자,가정용품,가전제품,25 ,9 ,52 ,A008700
쌍방울,섬유 및 의류,의류,25 ,-69 ,9 ,A102280
러셀,반도체 관련장비 및 부품,반도체장비,25 ,-18 ,16 ,A217500
에스텍파마,제약 및 바이오,원료의약품,25 ,16 ,23 ,A041910
조일알미늄,철강 및 비철강,알루미늄,25 ,-2 ,-9 ,A018470
고려신용정보,일반서비스,신용정보,25 ,43 ,21 ,A049720
고려제약,제약 및 바이오,제약,25 ,18 ,14 ,A014570
사조오양,식음료,식료품,25 ,24 ,92 ,A006090
메디아나,의료기기 및 용품,의료기기,25 ,-1 ,30 ,A041920
대륙제관,종이 및 용기,용기 및 포장재,25 ,46 ,30 ,A004780
애니플러스,미디어 및 엔터,미디어,25 ,0 ,-2 ,A310200
서연탑메탈,자동차 및 관련부품,기타 자동차부품,25 ,8 ,-1 ,A019770
인피니티엔티,IT서비스,소프트웨어,25 ,-472 ,5 ,A016670
성창오토텍,자동차 및 관련부품,공조부품,25 ,0 ,12 ,A080470
하이스틸,철강 및 비철강,강관,25 ,6 ,5 ,A071090
오이솔루션,통신,통신장비,26 ,39 ,45 ,A138080
어보브반도체,반도체 관련장비 및 부품,반도체 설계,26 ,-15 ,72 ,A102120
세종공업,자동차 및 관련부품,기타 자동차부품,26 ,18 ,-72 ,A033530
풍국주정,식음료,음료,26 ,16 ,34 ,A023900
진로발효,식음료,음료,26 ,-2 ,34 ,A018120
CJ씨푸드,식음료,식료품,26 ,-2 ,8 ,A011150
제노레이,의료기기 및 용품,의료기기,26 ,19 ,26 ,A122310
한국선재,철강 및 비철강,선재(와이어),26 ,-11 ,12 ,A025550
오상자이엘,IT서비스,시스템서비스,26 ,7 ,60 ,A053980
오로라,유아동산업,유아동산업,26 ,23 ,47 ,A039830
SG&G,자동차 및 관련부품,차량 시트,26 ,-43 ,27 ,A040610
한국가구,가정용품,가구,26 ,43 ,17 ,A004590
우리산업홀딩스,지주사,지주사,26 ,11 ,30 ,A072470
크리스탈신소재,화학,기타 화학,26 ,50 ,65 ,A900250
푸드웰,식음료,식료품,26 ,12 ,6 ,A005670
백금T&A,자동차 및 관련부품,전장부품,26 ,-52 ,5 ,A046310
텔콘RF제약,통신,통신장비,27 ,-451 ,144 ,A200230
아이마켓코리아,유통,유통,27 ,24 ,92 ,A122900
센트랄모텍,자동차 및 관련부품,기타 자동차부품,27 ,73 ,-3 ,A308170
대양전기공업,조선,조선기자재,27 ,38 ,36 ,A108380
프로스테믹스,가정용품,화장품,27 ,-75 ,-1 ,A203690
세이브존I&C,유통,백화점,27 ,26 ,-1 ,A067830
한미글로벌,건설 및 건축자재,중견건설사,27 ,26 ,31 ,A053690
코아시아옵틱스,IT 장비 및 소재,카메라모듈,27 ,-94 ,6 ,A196450
금강철강,철강 및 비철강,강판,27 ,-4 ,9 ,A053260
HRS,화학,기타 화학,27 ,32 ,26 ,A036640
피씨디렉트,유통,유통,27 ,26 ,10 ,A051380
한국콜마홀딩스,지주사,지주사,28 ,731 ,110 ,A024720
웅진씽크빅,일반서비스,교육,28 ,-56 ,95 ,A095720
KCTC,운송 및 물류,운송인프라,28 ,60 ,40 ,A009070
에이치엘사이언스,제약 및 바이오,제약,28 ,48 ,54 ,A239610
퓨쳐켐,제약 및 바이오,제약,28 ,-145 ,-23 ,A220100
쎌바이오텍,제약 및 바이오,바이오,28 ,-14 ,11 ,A049960
영풍제지,종이 및 용기,종이,28 ,20 ,9 ,A006740
엠투아이,IT 장비 및 소재,스마트폰 부품,28 ,15 ,26 ,A347890
유니크,자동차 및 관련부품,변속기부품,28 ,-10 ,19 ,A011320
에이치시티,전기 및 전자기기,전자기기,28 ,33 ,27 ,A072990
피제이메탈,철강 및 비철강,철강소재,28 ,23 ,20 ,A128660
SUN&L,건설 및 건축자재,목재,28 ,-125 ,-31 ,A002820
제이엠티,디스플레이 장비 및 부품,디스플레이 부품,28 ,33 ,14 ,A094970
남해화학,화학,비료 및 농약,29 ,-28 ,77 ,A025860
에스티아이,반도체 관련장비 및 부품,반도체장비,29 ,-10 ,33 ,A039440
코윈테크,기계,기계,29 ,4 ,-5 ,A282880
미원화학,화학,계면활성제,29 ,14 ,37 ,A134380
이엠넷,미디어 및 엔터,광고,29 ,38 ,14 ,A123570
광전자,IT 장비 및 소재,IT 소재 및 부품,29 ,-161 ,-16 ,A017900
경남제약,제약 및 바이오,제약,29 ,-41 ,-36 ,A053950
사조씨푸드,식음료,식료품,29 ,16 ,49 ,A014710
빅솔론,전기 및 전자기기,전기장비,29 ,6 ,7 ,A093190
한창,유통,유통,29 ,-108 ,3 ,A005110
슈프리마에이치큐,전기 및 전자기기,보안장비,29 ,10 ,18 ,A094840
상신브레이크,자동차 및 관련부품,제동장치,29 ,48 ,20 ,A041650
소프트센,IT서비스,시스템서비스,29 ,21 ,-11 ,A032680
루멘스,전기 및 전자기기,LED,29 ,-243 ,35 ,A038060
아이엠텍,IT 장비 및 소재,스마트폰 부품,29 ,-299 ,15 ,A226350
코리아센터,유통,전자상거래,30 ,67 ,24 ,A290510
넷게임즈,미디어 및 엔터,게임,30 ,89 ,82 ,A225570
NE능률,일반서비스,교육,30 ,71 ,-3 ,A053290
LS전선아시아,전기 및 전자기기,케이블,30 ,15 ,24 ,A229640
그린케미칼,화학,기타 화학,30 ,22 ,27 ,A083420
서한,건설 및 건축자재,중견건설사,30 ,26 ,101 ,A011370
덕성,섬유 및 의류,피혁(가죽),30 ,-1 ,19 ,A004830
이녹스,IT 장비 및 소재,IT 소재 및 부품,30 ,5 ,70 ,A088390
GS글로벌,일반서비스,무역,30 ,-989 ,26 ,A001250
가비아,IT서비스,인터넷서비스,30 ,47 ,17 ,A079940
한국내화,철강 및 비철강,광물,30 ,14 ,5 ,A010040
에스와이,건설 및 건축자재,건축자재,30 ,-133 ,-40 ,A109610
삼호개발,건설 및 건축자재,중견건설사,30 ,81 ,33 ,A010960
젬백스링크,IT서비스,시스템서비스,30 ,32 ,26 ,A064800
아이디스홀딩스,지주사,지주사,30 ,-47 ,4 ,A054800
웰크론,섬유 및 의류,섬유,30 ,76 ,18 ,A065950
인팩,자동차 및 관련부품,기타 자동차부품,30 ,21 ,35 ,A023810
동일고무벨트,자동차 및 관련부품,기타 자동차부품,30 ,-10 ,-5 ,A163560
케이엠,반도체 관련장비 및 부품,클린룸,30 ,7 ,99 ,A083550
아시아종묘,식음료,식료품,30 ,-18 ,-20 ,A154030
한국전자홀딩스,지주사,지주사,30 ,-56 ,14 ,A006200
쿠콘,IT서비스,시스템서비스,31 ,21 ,85 ,A294570
휴메딕스,제약 및 바이오,제약,31 ,68 ,33 ,A200670
이지바이오,식음료,식료품,31 ,29 ,47 ,A353810
디케이티,IT 장비 및 소재,스마트폰 부품,31 ,15 ,37 ,A290550
라이온켐텍,건설 및 건축자재,건축자재,31 ,-39 ,54 ,A171120
미투온,미디어 및 엔터,게임,31 ,5 ,40 ,A201490
나이스디앤비,일반서비스,신용정보,31 ,5 ,18 ,A130580
엑시콘,반도체 관련장비 및 부품,반도체장비,31 ,39 ,77 ,A092870
씨엠에스에듀,일반서비스,교육,31 ,15 ,1 ,A225330
원익큐브,화학,기타 화학,31 ,19 ,7 ,A014190
큐로,기계,플랜트설비,31 ,-36 ,8 ,A015590
조광ILI,기계,피팅 및 밸브,31 ,-74 ,13 ,A044060
세하,종이 및 용기,용기 및 포장재,31 ,7 ,51 ,A027970
정상제이엘에스,일반서비스,교육,31 ,14 ,27 ,A040420
성도이엔지,반도체 관련장비 및 부품,클린룸,31 ,696 ,10 ,A037350
유니트론텍,반도체 관련장비 및 부품,반도체 유통,31 ,-30 ,1 ,A142210
에스폴리텍,IT 장비 및 소재,IT 소재 및 부품,31 ,-29 ,37 ,A050760
CS홀딩스,지주사,지주사,31 ,-6 ,11 ,A000590
SJM홀딩스,지주사,지주사,31 ,-2 ,11 ,A025530
대웅,제약 및 바이오,제약,32 ,568 ,153 ,A003090
넥스틴,반도체 관련장비 및 부품,종합 반도체,32 ,60 ,66 ,A348210
YG PLUS,가정용품,화장품,32 ,-33 ,3 ,A037270
인크로스,미디어 및 엔터,광고,32 ,37 ,41 ,A216050
신세계푸드,식음료,식료품,32 ,-193 ,15 ,A031440
동국S&C,에너지,풍력,32 ,-37 ,-14 ,A100130
현대바이오랜드,가정용품,화장품,32 ,-158 ,-7 ,A052260
해태제과식품,식음료,식료품,32 ,41 ,98 ,A101530
나노엔텍,의료기기 및 용품,의료기기,32 ,9 ,2 ,A039860
선데이토즈,미디어 및 엔터,게임,32 ,10 ,30 ,A123420
앱코,가정용품,가전제품,32 ,0 ,0 ,A129890
우리산업,자동차 및 관련부품,공조부품,32 ,19 ,19 ,A215360
태경비케이,철강 및 비철강,광물,32 ,15 ,3 ,A014580
덕우전자,IT 장비 및 소재,카메라모듈,32 ,-8 ,62 ,A263600
화승알앤에이,자동차 및 관련부품,기타 자동차부품,32 ,0 ,0 ,A378850
파버나인,철강 및 비철강,알루미늄,32 ,1 ,32 ,A177830
한국컴퓨터,디스플레이 장비 및 부품,디스플레이 부품,32 ,86 ,8 ,A054040
아세아텍,기계,농업용기계,32 ,0 ,-9 ,A050860
레드로버,미디어 및 엔터,미디어,32 ,7 ,8 ,A060300
알서포트,IT서비스,소프트웨어,33 ,27 ,37 ,A131370
알루코,철강 및 비철강,알루미늄,33 ,-259 ,99 ,A001780
모토닉,자동차 및 관련부품,엔진부품,33 ,61 ,28 ,A009680
레이크머티리얼즈,화학,종합 화학,33 ,28 ,8 ,A281740
한솔테크닉스,IT 장비 및 소재,스마트폰 부품,33 ,26 ,49 ,A004710
효성ITX,IT서비스,컨택센터,33 ,41 ,33 ,A094280
에이플러스에셋,금융,손해보험,33 ,35 ,51 ,A244920
아바코,디스플레이 장비 및 부품,디스플레이 장비,33 ,-30 ,68 ,A083930
기신정기,기계,금형,33 ,36 ,10 ,A092440
에스텍,전기 및 전자기기,전자기기,33 ,32 ,67 ,A069510
엠에스씨,식음료,식료품,33 ,13 ,22 ,A009780
코리아에셋투자증권,금융,증권,33 ,20 ,41 ,A190650
세중,레저산업,여행,33 ,-14 ,4 ,A039310
미래테크놀로지,IT서비스,보안서비스,33 ,16 ,4 ,A213090
원일특강,철강 및 비철강,제강,33 ,-16 ,4 ,A012620
지에스이,유틸리티,도시가스,33 ,19 ,-9 ,A053050
율촌화학,종이 및 용기,용기 및 포장재,34 ,44 ,27 ,A008730
KH바텍,IT 장비 및 소재,스마트폰 부품,34 ,-155 ,-6 ,A060720
신한알파리츠,일반서비스,부동산,34 ,24 ,9 ,A293940
디와이피엔에프,기계,기계,34 ,87 ,61 ,A104460
태광,기계,피팅 및 밸브,34 ,-77 ,3 ,A023160
세운메디칼,의료기기 및 용품,의료용품,34 ,9 ,31 ,A100700
대유에이텍,자동차 및 관련부품,차량 시트,34 ,-42 ,98 ,A002880
남광토건,건설 및 건축자재,중견건설사,34 ,72 ,25 ,A001260
하츠,건설 및 건축자재,건축자재,34 ,3 ,25 ,A066130
에코플라스틱,자동차 및 관련부품,차량 내장재,34 ,-7 ,12 ,A038110
이글루시큐리티,IT서비스,보안서비스,34 ,56 ,-18 ,A067920
동양에스텍,철강 및 비철강,강판,34 ,35 ,31 ,A060380
에스앤에스텍,디스플레이 장비 및 부품,디스플레이 부품,35 ,21 ,18 ,A101490
다원시스,기계,전력기자재,35 ,54 ,-20 ,A068240
디앤씨미디어,미디어 및 엔터,미디어,35 ,31 ,30 ,A263720
웹케시,IT서비스,소프트웨어,35 ,84 ,35 ,A053580
이리츠코크렙,일반서비스,부동산,35 ,34 ,34 ,A088260
티앤엘,의료기기 및 용품,의료기기,35 ,0 ,0 ,A340570
백광산업,화학,기타 화학,35 ,28 ,8 ,A001340
미스터블루,미디어 및 엔터,미디어,35 ,9 ,60 ,A207760
한농화성,화학,계면활성제,35 ,43 ,17 ,A011500
삼화전기,IT 장비 및 소재,콘덴서,35 ,22 ,13 ,A009470
에이티넘인베스트,금융,기타 금융,35 ,86 ,35 ,A021080
덴티스,의료기기 및 용품,의료기기,35 ,-85 ,-20 ,A261200
동아타이어,자동차 및 관련부품,타이어,35 ,40 ,41 ,A282690
국순당,식음료,음료,35 ,103 ,43 ,A043650
이건홀딩스,지주사,지주사,35 ,1 ,13 ,A039020
인천도시가스,유틸리티,도시가스,35 ,74 ,1 ,A034590
경동인베스트,지주사,지주사,35 ,81 ,1 ,A012320
우리조명,전기 및 전자기기,LED,35 ,-19 ,34 ,A037400
동일기연,IT 장비 및 소재,IT 소재 및 부품,35 ,-2 ,11 ,A032960
락앤락,종이 및 용기,용기 및 포장재,36 ,32 ,56 ,A115390
세틀뱅크,IT서비스,시스템서비스,36 ,32 ,33 ,A234340
경동제약,제약 및 바이오,제약,36 ,11 ,32 ,A011040
와이엠티,IT 장비 및 소재,PCB,36 ,18 ,47 ,A251370
세원이앤씨,제약 및 바이오,바이오,36 ,-256 ,-35 ,A091090
한창제지,종이 및 용기,종이,36 ,18 ,39 ,A009460
세아특수강,철강 및 비철강,선재(와이어),36 ,20 ,-26 ,A019440
대유,화학,비료 및 농약,36 ,-22 ,8 ,A290380
인터지스,운송 및 물류,운송인프라,36 ,54 ,2 ,A129260
컬러레이,지주사,지주사,36 ,60 ,39 ,A900310
지니뮤직,미디어 및 엔터,미디어,37 ,18 ,34 ,A043610
원익피앤이,IT 장비 및 소재,2차전지,37 ,78 ,51 ,A131390
와이지-원,기계,공작기계,37 ,-120 ,-103 ,A019210
인지컨트롤스,자동차 및 관련부품,엔진부품,37 ,-54 ,35 ,A023800
제일전기공업,전기 및 전자기기,케이블,37 ,0 ,0 ,A199820
피제이전자,의료기기 및 용품,의료기기,37 ,17 ,7 ,A006140
두올,자동차 및 관련부품,차량 시트,37 ,10 ,35 ,A016740
한솔로지스틱스,운송 및 물류,육상운송,37 ,11 ,37 ,A009180
우리이앤엘,디스플레이 장비 및 부품,디스플레이 부품,37 ,-47 ,11 ,A153490
넥슨지티,미디어 및 엔터,게임,38 ,6 ,0 ,A041140
화승인더,섬유 및 의류,신발,38 ,201 ,18 ,A006060
인스코비,전기 및 전자기기,계측기,38 ,11 ,17 ,A006490
삼양패키징,종이 및 용기,용기 및 포장재,38 ,-20 ,181 ,A272550
인피니트헬스케어,의료기기 및 용품,의료서비스,38 ,32 ,1 ,A071200
일진파워,기계,플랜트설비,38 ,15 ,31 ,A094820
메가스터디,일반서비스,교육,38 ,53 ,52 ,A072870
극동유화,석유 및 가스,윤활유,38 ,-17 ,18 ,A014530
서원인텍,IT 장비 및 소재,스마트폰 부품,38 ,32 ,42 ,A093920
창해에탄올,식음료,음료,38 ,29 ,40 ,A004650
이라이콤,IT 장비 및 소재,스마트폰 부품,38 ,-89 ,82 ,A041520
대동스틸,철강 및 비철강,강판,38 ,8 ,6 ,A048470
깨끗한나라,종이 및 용기,종이,39 ,71 ,60 ,A004540
삼일씨엔에스,건설 및 건축자재,건축자재,39 ,-3 ,-20 ,A004440
계양전기,기계,전동공구,39 ,-17 ,40 ,A012200
인지디스플레,디스플레이 장비 및 부품,디스플레이 부품,39 ,27 ,60 ,A037330
현대공업,자동차 및 관련부품,차량 시트,39 ,35 ,38 ,A170030
경창산업,자동차 및 관련부품,변속기부품,39 ,94 ,13 ,A024910
한일철강,철강 및 비철강,강판,39 ,54 ,-47 ,A002220
스타플렉스,미디어 및 엔터,광고,39 ,-52 ,-4 ,A115570
JW중외제약,제약 및 바이오,제약,40 ,-69 ,30 ,A001060
디피씨,IT 장비 및 소재,파워서플라이,40 ,47 ,61 ,A026890
대한제당,식음료,식료품,40 ,87 ,94 ,A001790
아이디스,전기 및 전자기기,보안장비,40 ,-13 ,34 ,A143160
HDC아이콘트롤스,건설 및 건축자재,홈네트워크,40 ,28 ,23 ,A039570
코스맥스비티아이,식음료,식료품,40 ,-147 ,13 ,A044820
대한뉴팜,제약 및 바이오,제약,40 ,-162 ,-12 ,A054670
아진산업,자동차 및 관련부품,차체부품,40 ,-31 ,0 ,A013310
방림,섬유 및 의류,섬유,40 ,-2 ,15 ,A003610
인터로조,의료기기 및 용품,의료용품,41 ,-12 ,24 ,A119610
케이아이엔엑스,IT서비스,인터넷서비스,41 ,33 ,32 ,A093320
도화엔지니어링,건설 및 건축자재,중견건설사,41 ,63 ,9 ,A002150
우주일렉트로,IT 장비 및 소재,스마트폰 부품,41 ,62 ,39 ,A065680
동남합성,화학,계면활성제,41 ,10 ,26 ,A023450
태경케미컬,화학,기타 화학,41 ,23 ,16 ,A006890
옵트론텍,IT 장비 및 소재,카메라모듈,41 ,-152 ,36 ,A082210
범양건영,건설 및 건축자재,중견건설사,41 ,60 ,21 ,A002410
비엠티,기계,피팅 및 밸브,41 ,-31 ,21 ,A086670
DSR,철강 및 비철강,스테인리스,41 ,17 ,19 ,A155660
동양피스톤,자동차 및 관련부품,기타 자동차부품,41 ,-64 ,11 ,A092780
동양,건설 및 건축자재,시멘트 및 레미콘,42 ,-269 ,-3 ,A001520
디지털대성,일반서비스,교육,42 ,-7 ,54 ,A068930
베노홀딩스,미디어 및 엔터,게임,42 ,51 ,-120 ,A206400
세원정공,자동차 및 관련부품,차체부품,42 ,83 ,68 ,A021820
태양금속,자동차 및 관련부품,선재(볼트),42 ,-179 ,80 ,A004100
유비쿼스홀딩스,지주사,지주사,43 ,14 ,34 ,A078070
에이치피오,식음료,식료품,43 ,0 ,0 ,A357230
아이에이,자동차 및 관련부품,전장부품,43 ,36 ,33 ,A038880
이랜텍,IT 장비 및 소재,스마트폰 부품,43 ,-121 ,102 ,A054210
시그네틱스,반도체 관련장비 및 부품,반도체장비,43 ,-227 ,-41 ,A033170
조선선재,철강 및 비철강,봉형강,43 ,3 ,15 ,A120030
이구산업,철강 및 비철강,구리,43 ,26 ,8 ,A025820
대현,섬유 및 의류,의류,43 ,30 ,29 ,A016090
비케이탑스,IT서비스,시스템서비스,43 ,-339 ,-14 ,A030790
한양디지텍,반도체 관련장비 및 부품,반도체 제조,43 ,-3 ,12 ,A078350
화승엔터프라이즈,섬유 및 의류,신발,44 ,226 ,46 ,A241590
조광피혁,섬유 및 의류,피혁(가죽),44 ,23 ,107 ,A004700
코스모화학,IT 장비 및 소재,2차전지,44 ,-161 ,-26 ,A005420
SV인베스트먼트,금융,기타 금융,44 ,34 ,5 ,A289080
NI스틸,철강 및 비철강,제강,44 ,46 ,26 ,A008260
에이리츠,일반서비스,부동산,44 ,2 ,2 ,A140910
한올바이오파마,제약 및 바이오,제약,45 ,63 ,37 ,A009420
하나제약,제약 및 바이오,제약,45 ,-42 ,83 ,A293480
대덕,지주사,지주사,45 ,152 ,801 ,A008060
테이팩스,화학,기타 화학,45 ,24 ,44 ,A055490
하이록코리아,기계,피팅 및 밸브,45 ,-40 ,14 ,A013030
팜스토리,식음료,사료,45 ,180 ,40 ,A027710
유수홀딩스,지주사,지주사,45 ,734 ,-1 ,A000700
제이씨현시스템,전기 및 전자기기,전자기기,45 ,45 ,26 ,A033320
KC코트렐,기계,플랜트설비,45 ,-496 ,-54 ,A119650
코프라,자동차 및 관련부품,차량 내장재,45 ,35 ,42 ,A126600
성보화학,화학,비료 및 농약,45 ,-87 ,-8 ,A003080
서진시스템,통신,통신장비,46 ,115 ,-129 ,A178320
KMH,레저산업,레저,46 ,100 ,85 ,A122450
톱텍,디스플레이 장비 및 부품,디스플레이 장비,46 ,-217 ,90 ,A108230
비츠로테크,기계,전력기자재,46 ,25 ,58 ,A042370
디아이,반도체 관련장비 및 부품,반도체장비,46 ,-30 ,28 ,A003160
상신이디피,IT 장비 및 소재,2차전지,46 ,30 ,32 ,A091580
현대코퍼레이션홀딩스,지주사,지주사,46 ,35 ,48 ,A227840
흥국,기계,중장비 및 관련품,46 ,27 ,29 ,A010240
매커스,반도체 관련장비 및 부품,반도체 유통,46 ,22 ,20 ,A093520
주연테크,가정용품,가전제품,46 ,-28 ,-5 ,A044380
오가닉티코스메틱,가정용품,화장품,46 ,-76 ,131 ,A900300
세원물산,자동차 및 관련부품,차체부품,46 ,80 ,31 ,A024830
한국정보통신,IT서비스,전자결제,47 ,-39 ,58 ,A025770
대영포장,종이 및 용기,용기 및 포장재,47 ,4 ,4 ,A014160
삼보모터스,자동차 및 관련부품,기타 자동차부품,47 ,31 ,-18 ,A053700
AJ네트웍스,운송 및 물류,운송인프라,48 ,0 ,-85 ,A095570
에스피지,기계,기계,48 ,25 ,49 ,A058610
제이에스코퍼레이션,섬유 및 의류,의류,48 ,-32 ,35 ,A194370
레드캡투어,레저산업,여행,48 ,10 ,40 ,A038390
엠게임,미디어 및 엔터,게임,48 ,7 ,10 ,A058630
농우바이오,식음료,식료품,48 ,8 ,16 ,A054050
대원산업,자동차 및 관련부품,차량 시트,48 ,215 ,-52 ,A005710
새론오토모티브,자동차 및 관련부품,제동장치,48 ,27 ,37 ,A075180
에코프로,IT 장비 및 소재,2차전지,49 ,-81 ,150 ,A086520
대주전자재료,IT 장비 및 소재,IT 소재 및 부품,49 ,-1 ,23 ,A078600
한전산업,유틸리티,전력,49 ,-63 ,74 ,A130660
금화피에스시,유틸리티,전력,49 ,71 ,9 ,A036190
성창기업지주,지주사,지주사,49 ,5 ,20 ,A000180
화성산업,건설 및 건축자재,중견건설사,49 ,2 ,36 ,A002460
신원,섬유 및 의류,의류,49 ,-50 ,23 ,A009270
유성기업,자동차 및 관련부품,엔진부품,49 ,-58 ,-5 ,A002920
한국기업평가,일반서비스,신용정보,50 ,18 ,31 ,A034950
한국정보인증,IT서비스,공인인증서,50 ,29 ,23 ,A053300
서호전기,운송 및 물류,운송인프라,50 ,12 ,10 ,A065710
KTIS,통신,통신서비스,50 ,-41 ,29 ,A058860
SJM,자동차 및 관련부품,기타 자동차부품,50 ,-17 ,10 ,A123700
녹십자랩셀,제약 및 바이오,바이오,51 ,6 ,14 ,A144510
나스미디어,미디어 및 엔터,광고,51 ,83 ,54 ,A089600
코오롱플라스틱,자동차 및 관련부품,차량 내장재,51 ,64 ,6 ,A138490
삼영전자,IT 장비 및 소재,콘덴서,51 ,5 ,33 ,A005680
노루페인트,건설 및 건축자재,페인트,51 ,-29 ,80 ,A090350
동아화성,자동차 및 관련부품,기타 자동차부품,51 ,10 ,33 ,A041930
HDC현대EP,자동차 및 관련부품,차량 내장재,51 ,-40 ,75 ,A089470
시디즈,가정용품,가구,51 ,48 ,38 ,A134790
윙입푸드,식음료,식료품,51 ,49 ,37 ,A900340
에이디테크놀로지,반도체 관련장비 및 부품,반도체 설계,52 ,-10 ,11 ,A200710
대한약품,제약 및 바이오,제약,52 ,-11 ,65 ,A023910
황금에스티,철강 및 비철강,스테인리스,52 ,61 ,34 ,A032560
아이즈비전,통신,통신장비,52 ,74 ,33 ,A031310
이엔에프테크놀로지,반도체 관련장비 및 부품,반도체 부품,53 ,39 ,157 ,A102710
엘비루셈,반도체 관련장비 및 부품,종합 반도체,53 ,0 ,0 ,A376190
비츠로셀,유틸리티,스마트그리드,53 ,3 ,31 ,A082920
매일홀딩스,지주사,지주사,53 ,27 ,2 ,A005990
대창스틸,철강 및 비철강,강판,53 ,-19 ,0 ,A140520
동화약품,제약 및 바이오,제약,54 ,78 ,118 ,A000020
진성티이씨,기계,중장비 및 관련품,54 ,45 ,33 ,A036890
청담러닝,일반서비스,교육,54 ,7 ,36 ,A096240
크라운해태홀딩스,지주사,지주사,54 ,32 ,75 ,A005740
덕산테코피아,반도체 관련장비 및 부품,반도체 부품,55 ,41 ,29 ,A317330
민앤지,IT서비스,보안서비스,55 ,71 ,46 ,A214180
국보디자인,건설 및 건축자재,중견건설사,55 ,55 ,21 ,A066620
세코닉스,IT 장비 및 소재,카메라모듈,55 ,-105 ,32 ,A053450
스포츠서울,미디어 및 엔터,미디어,55 ,-11 ,3 ,A039670
스타모빌리티,기계,기계,55 ,-153 ,-19 ,A158310
경인양행,섬유 및 의류,염료,56 ,-57 ,-13 ,A012610
에스제이그룹,섬유 및 의류,의류,56 ,43 ,30 ,A306040
아이원스,IT 장비 및 소재,IT 소재 및 부품,56 ,-54 ,38 ,A114810
삼지전자,통신,통신장비,56 ,50 ,71 ,A037460
비피도,제약 및 바이오,바이오,56 ,-4 ,-5 ,A238200
네패스아크,반도체 관련장비 및 부품,종합 반도체,57 ,0 ,0 ,A330860
ISC,반도체 관련장비 및 부품,반도체 부품,57 ,-74 ,19 ,A095340
수젠텍,의료기기 및 용품,진단기기,57 ,33 ,-277 ,A253840
와이엔텍,일반서비스,환경서비스,57 ,22 ,66 ,A067900
네오팜,가정용품,화장품,57 ,52 ,30 ,A092730
필옵틱스,디스플레이 장비 및 부품,디스플레이 장비,57 ,-54 ,-15 ,A161580
이더블유케이,기계,기계,57 ,139 ,-2 ,A258610
효성중공업,건설 및 건축자재,중견건설사,58 ,-80 ,173 ,A298040
JW생명과학,제약 및 바이오,제약,58 ,-60 ,80 ,A234080
슈프리마,전기 및 전자기기,보안장비,58 ,-2 ,13 ,A236200
대원,건설 및 건축자재,중견건설사,58 ,-120 ,37 ,A007680
조흥,식음료,식료품,58 ,21 ,31 ,A002600
연우,가정용품,화장품,59 ,33 ,14 ,A115960
영풍정밀,기계,기계,59 ,5 ,27 ,A036560
우리손에프앤지,식음료,사료,59 ,-23 ,59 ,A073560
샘표,지주사,지주사,59 ,10 ,61 ,A007540
코메론,기계,기계,59 ,27 ,34 ,A049430
골든센츄리,기계,농업용기계,59 ,18 ,66 ,A900280
SK렌터카,레저산업,레저,60 ,-25 ,81 ,A068400
맘스터치,식음료,식료품,60 ,29 ,61 ,A220630
서플러스글로벌,반도체 관련장비 및 부품,반도체장비,60 ,8 ,36 ,A140070
JW홀딩스,지주사,지주사,61 ,147 ,6 ,A096760
신세계건설,건설 및 건축자재,중견건설사,61 ,66 ,13 ,A034300
유화증권,금융,증권,61 ,-4 ,15 ,A003460
한국수출포장,종이 및 용기,용기 및 포장재,61 ,5 ,15 ,A002200
코스모신소재,IT 장비 및 소재,2차전지,62 ,73 ,22 ,A005070
SPC삼립,식음료,식료품,62 ,43 ,10 ,A005610
광동제약,제약 및 바이오,제약,62 ,-68 ,305 ,A009290
가온미디어,가정용품,셋톱박스,62 ,-14 ,23 ,A078890
솔루스첨단소재,IT 장비 및 소재,카메라모듈,63 ,263 ,45 ,A336370
와이지엔터테인먼트,미디어 및 엔터,매니지먼트,63 ,54 ,10 ,A122870
심텍,IT 장비 및 소재,PCB,63 ,22 ,227 ,A222800
LG헬로비전,미디어 및 엔터,미디어,63 ,"-3,278 ",59 ,A037560
종근당홀딩스,지주사,지주사,63 ,305 ,175 ,A001630
예스24,유통,전자상거래,63 ,27 ,-12 ,A053280
펌텍코리아,종이 및 용기,용기 및 포장재,63 ,43 ,41 ,A251970
동국산업,철강 및 비철강,강판,63 ,-2 ,0 ,A005160
한솔홀딩스,지주사,지주사,63 ,382 ,54 ,A004150
디와이,지주사,지주사,63 ,-202 ,60 ,A013570
미창석유,석유 및 가스,윤활유,63 ,43 ,39 ,A003650
삼보산업,자동차 및 관련부품,기타 자동차부품,63 ,-57 ,-21 ,A009620
이지홀딩스,지주사,지주사,64 ,132 ,54 ,A035810
오로스테크놀로지,반도체 관련장비 및 부품,종합 반도체,64 ,-20 ,34 ,A322310
도이치모터스,자동차 및 관련부품,완성차,64 ,19 ,37 ,A067990
NPC,종이 및 용기,용기 및 포장재,64 ,33 ,49 ,A004250
인선이엔티,일반서비스,환경서비스,65 ,90 ,74 ,A060150
모트렉스,자동차 및 관련부품,기타 자동차부품,65 ,-117 ,-24 ,A118990
레이언스,의료기기 및 용품,의료기기,65 ,-66 ,-3 ,A228850
이건산업,건설 및 건축자재,목재,65 ,-30 ,28 ,A008250
삼현철강,철강 및 비철강,강판,65 ,32 ,23 ,A017480
일진홀딩스,지주사,지주사,66 ,-17 ,45 ,A015860
문배철강,철강 및 비철강,강판,66 ,32 ,25 ,A008420
제이씨케미칼,석유 및 가스,석유판매,67 ,26 ,-10 ,A137950
사람인에이치알,IT서비스,인터넷서비스,68 ,67 ,55 ,A143240
덕산하이메탈,반도체 관련장비 및 부품,반도체 부품,68 ,10 ,53 ,A077360
삼진제약,제약 및 바이오,제약,68 ,59 ,55 ,A005500
경방,섬유 및 의류,섬유,68 ,68 ,38 ,A000050
코리아써키트,IT 장비 및 소재,PCB,68 ,-75 ,73 ,A007810
BYC,섬유 및 의류,의류,68 ,73 ,23 ,A001460
케이프,조선,조선기자재,68 ,17 ,62 ,A064820
KTCS,IT서비스,컨택센터,68 ,4 ,36 ,A058850
인바이오,화학,종합 화학,68 ,-64 ,-15 ,A352940
남선알미늄,건설 및 건축자재,창호,69 ,13 ,25 ,A008350
아이센스,의료기기 및 용품,의료기기,69 ,71 ,61 ,A099190
화신,자동차 및 관련부품,차체부품,69 ,84 ,-18 ,A010690
크라운제과,식음료,식료품,69 ,14 ,43 ,A264900
아주IB투자,금융,기타 금융,70 ,279 ,135 ,A027360
자이에스앤디,건설 및 건축자재,대형건설사,70 ,72 ,44 ,A317400
와이솔,IT 장비 및 소재,스마트폰 부품,70 ,-63 ,55 ,A122990
켐트로닉스,IT 장비 및 소재,스마트폰 부품,70 ,75 ,82 ,A089010
코리아에프티,자동차 및 관련부품,기타 자동차부품,70 ,72 ,6 ,A123410
메디앙스,유아동산업,유아동산업,70 ,36 ,-17 ,A014100
연이비앤티,디스플레이 장비 및 부품,디스플레이 부품,70 ,-270 ,-1 ,A090740
롯데푸드,식음료,식료품,71 ,-34 ,105 ,A002270
유비쿼스,통신,통신장비,71 ,32 ,44 ,A264450
코엔텍,일반서비스,환경서비스,72 ,60 ,53 ,A029960
SBI인베스트먼트,금융,기타 금융,72 ,21 ,69 ,A019550
대한화섬,섬유 및 의류,섬유,72 ,-20 ,69 ,A003830
셀트리온제약,제약 및 바이오,제약,73 ,108 ,40 ,A068760
휴온스글로벌,지주사,지주사,73 ,151 ,111 ,A084110
신성델타테크,IT 장비 및 소재,IT 소재 및 부품,73 ,25 ,30 ,A065350
TYM,기계,농업용기계,73 ,-99 ,39 ,A002900
삼천리자전거,레저산업,자전거,73 ,226 ,31 ,A024950
대림제지,종이 및 용기,종이,73 ,38 ,24 ,A017650
테스나,반도체 관련장비 및 부품,반도체장비,74 ,222 ,51 ,A131970
한국카본,조선,조선기자재,74 ,95 ,190 ,A017960
미래나노텍,디스플레이 장비 및 부품,디스플레이 부품,74 ,152 ,73 ,A095500
영우디에스피,디스플레이 장비 및 부품,디스플레이 장비,74 ,-56 ,42 ,A143540
더네이쳐홀딩스,섬유 및 의류,의류,75 ,239 ,31 ,A298540
신세계 I&C,IT서비스,시스템서비스,75 ,101 ,70 ,A035510
동일산업,철강 및 비철강,봉형강,75 ,19 ,23 ,A004890
DMS,디스플레이 장비 및 부품,디스플레이 장비,75 ,237 ,22 ,A068790
세원,자동차 및 관련부품,기타 자동차부품,75 ,32 ,24 ,A234100
케이엠더블유,통신,통신장비,76 ,4 ,13 ,A032500
에코마케팅,미디어 및 엔터,광고,76 ,53 ,236 ,A230360
현대퓨처넷,미디어 및 엔터,미디어,76 ,-561 ,76 ,A126560
현대리바트,가정용품,가구,76 ,19 ,68 ,A079430
한국경제TV,미디어 및 엔터,미디어,76 ,47 ,61 ,A039340
코다코,자동차 및 관련부품,엔진부품,76 ,-65 ,-26 ,A046070
현대로템,기계,중장비 및 관련품,77 ,5 ,90 ,A064350
NHN한국사이버결제,IT서비스,전자결제,77 ,78 ,83 ,A060250
케어젠,제약 및 바이오,바이오,77 ,108 ,65 ,A214370
노바렉스,제약 및 바이오,바이오,77 ,67 ,64 ,A194700
크리스에프앤씨,섬유 및 의류,의류,77 ,169 ,79 ,A110790
다나와,유통,전자상거래,77 ,92 ,73 ,A119860
게임빌,미디어 및 엔터,게임,77 ,29 ,48 ,A063080
비상교육,일반서비스,교육,77 ,76 ,-38 ,A100220
버킷스튜디오,미디어 및 엔터,미디어,77 ,-38 ,-16 ,A066410
ES큐브,레저산업,레저,77 ,-104 ,74 ,A050120
교촌에프앤비,식음료,식료품,78 ,0 ,0 ,A339770
제주은행,금융,은행,78 ,17 ,38 ,A006220
제이알글로벌리츠,일반서비스,부동산,79 ,77 ,75 ,A348950
미코,반도체 관련장비 및 부품,반도체 부품,79 ,52 ,47 ,A059090
일진전기,전기 및 전자기기,케이블,79 ,8 ,4 ,A103590
CNH,금융,기타 금융,79 ,156 ,163 ,A023460
롯데리츠,일반서비스,부동산,80 ,79 ,77 ,A330590
신흥에스이씨,IT 장비 및 소재,2차전지,80 ,5 ,87 ,A243840
하림,식음료,식료품,80 ,159 ,66 ,A136480
나이스정보통신,IT서비스,전자결제,80 ,-79 ,85 ,A036800
애경산업,가정용품,개인용품,81 ,18 ,45 ,A018250
한글과컴퓨터,IT서비스,소프트웨어,81 ,77 ,70 ,A030520
골프존뉴딘홀딩스,지주사,지주사,81 ,113 ,78 ,A121440
대한제분,식음료,식료품,81 ,-60 ,58 ,A001130
서원,철강 및 비철강,구리,81 ,-58 ,2 ,A021050
동양이엔피,IT 장비 및 소재,파워서플라이,81 ,-53 ,112 ,A079960
조이시티,미디어 및 엔터,게임,82 ,-36 ,47 ,A067000
한솔제지,종이 및 용기,종이,82 ,-36 ,120 ,A213500
삼화콘덴서,IT 장비 및 소재,콘덴서,83 ,19 ,75 ,A001820
뷰웍스,의료기기 및 용품,의료기기,83 ,15 ,61 ,A100120
케이씨,반도체 관련장비 및 부품,반도체장비,83 ,79 ,101 ,A029460
코나아이,전기 및 전자기기,스마트카드,84 ,45 ,51 ,A052400
바이넥스,제약 및 바이오,제약,84 ,-50 ,42 ,A053030
SBS미디어홀딩스,지주사,지주사,84 ,36 ,-625 ,A101060
코아스템,제약 및 바이오,바이오,84 ,-182 ,-29 ,A166480
서울바이오시스,전기 및 전자기기,LED,85 ,16 ,31 ,A092190
유비케어,의료기기 및 용품,의료서비스,85 ,-29 ,40 ,A032620
브이티지엠피,기계,기계,85 ,-18 ,9 ,A018290
덴티움,의료기기 및 용품,의료용품,86 ,113 ,51 ,A145720
피엔티,IT 장비 및 소재,2차전지,86 ,123 ,68 ,A137400
뉴트리,식음료,식료품,86 ,51 ,50 ,A270870
피에스케이홀딩스,지주사,지주사,86 ,30 ,56 ,A031980
화승코퍼레이션,자동차 및 관련부품,기타 자동차부품,86 ,-265 ,14 ,A013520
현대오토에버,IT서비스,시스템서비스,87 ,167 ,147 ,A307950
LF,섬유 및 의류,의류,87 ,2 ,6 ,A093050
와이아이케이,반도체 관련장비 및 부품,반도체장비,87 ,82 ,32 ,A232140
한국쉘석유,석유 및 가스,윤활유,87 ,16 ,69 ,A002960
원익,의료기기 및 용품,의료기기,87 ,928 ,-55 ,A032940
월덱스,반도체 관련장비 및 부품,반도체 부품,88 ,-4 ,65 ,A101160
태웅로직스,운송 및 물류,해상운송,88 ,-26 ,23 ,A124560
휴온스,제약 및 바이오,제약,89 ,227 ,129 ,A243070
한국철강,철강 및 비철강,제강,89 ,-449 ,103 ,A104700
휴비스,섬유 및 의류,섬유,89 ,542 ,116 ,A079980
엠케이전자,반도체 관련장비 및 부품,반도체 부품,90 ,61 ,91 ,A033160
디씨엠,철강 및 비철강,강판,90 ,36 ,81 ,A024090
한국프랜지,자동차 및 관련부품,엔진부품,90 ,45 ,55 ,A010100
태림포장,종이 및 용기,용기 및 포장재,91 ,23 ,8 ,A011280
유나이티드제약,제약 및 바이오,제약,92 ,27 ,79 ,A033270
GST,반도체 관련장비 및 부품,반도체장비,92 ,19 ,13 ,A083450
해성디에스,반도체 관련장비 및 부품,반도체 부품,93 ,22 ,84 ,A195870
DI동일,섬유 및 의류,섬유,93 ,29 ,17 ,A001530
위닉스,가정용품,가전제품,93 ,74 ,176 ,A044340
진흥기업,건설 및 건축자재,중견건설사,93 ,121 ,28 ,A002780
이브이첨단소재,IT 장비 및 소재,PCB,93 ,-11 ,-13 ,A131400
천보,반도체 관련장비 및 부품,반도체 부품,94 ,105 ,56 ,A278280
한일시멘트,건설 및 건축자재,시멘트 및 레미콘,94 ,364 ,313 ,A300720
엘비세미콘,반도체 관련장비 및 부품,반도체장비,94 ,120 ,64 ,A061970
케이씨텍,반도체 관련장비 및 부품,반도체장비,94 ,165 ,52 ,A281820
SNT에너지,기계,플랜트설비,94 ,-78 ,30 ,A100840
케이엔더블유,자동차 및 관련부품,기타 자동차부품,94 ,-19 ,-31 ,A105330
뉴파워프라즈마,반도체 관련장비 및 부품,반도체장비,95 ,180 ,41 ,A144960
클래시스,의료기기 및 용품,의료기기,96 ,132 ,88 ,A214150
이엔코퍼레이션,IT 장비 및 소재,스마트폰 부품,96 ,-344 ,-15 ,A066980
KG모빌리언스,IT서비스,전자결제,97 ,51 ,95 ,A046440
미투젠,미디어 및 엔터,게임,97 ,84 ,97 ,A950190
대창단조,기계,중장비 및 관련품,97 ,12 ,34 ,A015230
유성티엔에스,철강 및 비철강,강판,97 ,237 ,84 ,A024800
삼강엠앤티,조선,조선기자재,98 ,-63 ,8 ,A100090
동성화인텍,조선,조선기자재,98 ,-55 ,115 ,A033500
우리바이오,전기 및 전자기기,LED,98 ,-49 ,105 ,A082850
DB,IT서비스,시스템서비스,98 ,-80 ,22 ,A012030
싸이맥스,반도체 관련장비 및 부품,반도체장비,98 ,44 ,74 ,A160980
신흥,의료기기 및 용품,의료용품,98 ,53 ,9 ,A004080
환인제약,제약 및 바이오,제약,99 ,47 ,75 ,A016580
더존비즈온,IT서비스,소프트웨어,100 ,233 ,111 ,A012510
송원산업,화학,합성수지,100 ,28 ,85 ,A004430
인바디,의료기기 및 용품,의료기기,100 ,63 ,59 ,A041830
엘오티베큠,반도체 관련장비 및 부품,클린룸,100 ,-42 ,-28 ,A083310
샘표식품,식음료,식료품,100 ,17 ,121 ,A248170
한국주철관,철강 및 비철강,강관,100 ,65 ,18 ,A000970
나무가,IT 장비 및 소재,카메라모듈,100 ,-50 ,-20 ,A190510
휴마시스,의료기기 및 용품,의료기기,101 ,126 ,7 ,A205470
백산,섬유 및 의류,피혁(가죽),101 ,-81 ,29 ,A035150
에스엠,미디어 및 엔터,매니지먼트,102 ,-505 ,-216 ,A041510
디오,의료기기 및 용품,의료기기,102 ,-5 ,34 ,A039840
노바텍,IT 장비 및 소재,스마트폰 부품,102 ,69 ,91 ,A285490
대창,철강 및 비철강,구리,102 ,26 ,36 ,A012800
코미코,반도체 관련장비 및 부품,반도체장비,103 ,32 ,100 ,A183300
현대이지웰,IT서비스,인터넷서비스,103 ,22 ,5 ,A090850
제이앤티씨,IT 장비 및 소재,스마트폰 부품,104 ,-162 ,155 ,A204270
미원홀딩스,지주사,지주사,104 ,19 ,53 ,A107590
빛샘전자,통신,통신장비,104 ,5 ,0 ,A072950
포스코강판,철강 및 비철강,강판,105 ,6 ,41 ,A058430
신도리코,전기 및 전자기기,전자기기,105 ,-49 ,2 ,A029530
삼익악기,레저산업,레저,105 ,50 ,13 ,A002450
프로텍,반도체 관련장비 및 부품,반도체장비,106 ,53 ,44 ,A053610
티에스이,반도체 관련장비 및 부품,반도체장비,107 ,-31 ,80 ,A131290
KISCO홀딩스,지주사,지주사,107 ,-101 ,130 ,A001940
사조산업,식음료,식료품,107 ,-68 ,83 ,A007160
동방아그로,화학,비료 및 농약,107 ,-35 ,-23 ,A007590
SFA반도체,반도체 관련장비 및 부품,반도체장비,108 ,16 ,44 ,A036540
디아이씨,자동차 및 관련부품,변속기부품,108 ,-688 ,-132 ,A092200
고영,전기 및 전자기기,전자기기,109 ,-34 ,13 ,A098460
삼양통상,섬유 및 의류,피혁(가죽),109 ,207 ,127 ,A002170
SGC이테크건설,건설 및 건축자재,중견건설사,109 ,"1,580 ",7 ,A016250
SIMPAC,기계,기계,110 ,264 ,-3 ,A009160
삼영무역,가정용품,개인용품,110 ,49 ,80 ,A002810
이녹스첨단소재,IT 장비 및 소재,스마트폰 부품,111 ,45 ,124 ,A272290
한양이엔지,반도체 관련장비 및 부품,클린룸,112 ,-7 ,220 ,A045100
디바이스이엔지,디스플레이 장비 및 부품,디스플레이 부품,112 ,43 ,105 ,A187870
일신방직,섬유 및 의류,섬유,112 ,83 ,-21 ,A003200
엠씨넥스,IT 장비 및 소재,카메라모듈,113 ,-28 ,199 ,A097520
원익머트리얼즈,반도체 관련장비 및 부품,반도체 부품,113 ,105 ,122 ,A104830
유니퀘스트,반도체 관련장비 및 부품,반도체 부품,113 ,138 ,69 ,A077500
솔루엠,IT 장비 및 소재,스마트폰 부품,115 ,50 ,183 ,A248070
바디텍메드,의료기기 및 용품,진단기기,115 ,174 ,142 ,A206640
한국캐피탈,금융,기타 금융,115 ,81 ,87 ,A023760
피에이치에이,자동차 및 관련부품,전장부품,115 ,44 ,92 ,A043370
제놀루션,의료기기 및 용품,의료용품,115 ,149 ,124 ,A225220
한미사이언스,제약 및 바이오,제약,116 ,156 ,-75 ,A008930
풀무원,식음료,식료품,116 ,-95 ,115 ,A017810
알에프텍,IT 장비 및 소재,스마트폰 부품,116 ,-187 ,-40 ,A061040
현대코퍼레이션,일반서비스,무역,117 ,223 ,65 ,A011760
디와이파워,기계,중장비 및 관련품,117 ,81 ,71 ,A210540
신라교역,식음료,식료품,118 ,-28 ,19 ,A004970
아이에스동서,건설 및 건축자재,중견건설사,119 ,130 ,836 ,A010780
메가스터디교육,일반서비스,교육,119 ,-17 ,118 ,A215200
에스에이엠티,유통,유통,119 ,126 ,97 ,A031330
JYP ENT.,미디어 및 엔터,매니지먼트,120 ,58 ,77 ,A035900
리드코프,금융,기타 금융,120 ,125 ,110 ,A012700
한신공영,건설 및 건축자재,중견건설사,121 ,501 ,146 ,A004960
이엠텍,IT 장비 및 소재,스마트폰 부품,122 ,52 ,61 ,A091120
덕산네오룩스,디스플레이 장비 및 부품,디스플레이 부품,123 ,90 ,97 ,A213420
한국콜마,가정용품,화장품,123 ,"1,268 ",125 ,A161890
파마리서치,제약 및 바이오,바이오,123 ,101 ,77 ,A214450
퍼시스,가정용품,가구,123 ,34 ,115 ,A016800
이노션,미디어 및 엔터,광고,124 ,213 ,152 ,A214320
광주신세계,유통,백화점,124 ,130 ,87 ,A037710
풍산홀딩스,지주사,지주사,124 ,45 ,89 ,A005810
롯데정보통신,IT서비스,시스템서비스,125 ,70 ,83 ,A286940
농심홀딩스,지주사,지주사,125 ,174 ,118 ,A072710
하이트진로홀딩스,지주사,지주사,125 ,179 ,148 ,A000140
SK디앤디,일반서비스,부동산,126 ,-58 ,260 ,A210980
액토즈소프트,미디어 및 엔터,게임,126 ,32 ,34 ,A052790
유니셈,반도체 관련장비 및 부품,반도체장비,127 ,14 ,41 ,A036200
CJ대한통운,운송 및 물류,육상운송,128 ,316 ,422 ,A000120
자화전자,IT 장비 및 소재,카메라모듈,128 ,-12 ,28 ,A033240
인화정공,조선,조선기자재,128 ,284 ,-4 ,A101930
동원시스템즈,종이 및 용기,용기 및 포장재,129 ,102 ,144 ,A014820
에이스침대,가정용품,가구,129 ,183 ,88 ,A003800
GRT,디스플레이 장비 및 부품,디스플레이 부품,129 ,110 ,121 ,A900290
한국항공우주,기계,우주항공,130 ,-609 ,133 ,A047810
삼양식품,식음료,식료품,131 ,49 ,172 ,A003230
녹십자홀딩스,지주사,지주사,132 ,"1,225 ",234 ,A005250
바텍,의료기기 및 용품,의료기기,132 ,-344 ,56 ,A043150
세아제강,철강 및 비철강,제강,132 ,-47 ,123 ,A306200
경동도시가스,유틸리티,도시가스,133 ,77 ,-3 ,A267290
서울가스,유틸리티,도시가스,134 ,-31 ,"1,110 ",A017390
랩지노믹스,제약 및 바이오,바이오,134 ,45 ,90 ,A084650
하나머티리얼즈,반도체 관련장비 및 부품,반도체 부품,135 ,116 ,88 ,A166090
사조대림,식음료,식료품,135 ,33 ,173 ,A003960
SGC에너지,종이 및 용기,용기 및 포장재,136 ,0 ,0 ,A005090
대덕전자,IT 장비 및 소재,PCB,137 ,-208 ,53 ,A353200
유니온,건설 및 건축자재,시멘트 및 레미콘,137 ,175 ,83 ,A000910
선진,식음료,사료,138 ,260 ,215 ,A136490
코웰패션,섬유 및 의류,의류,139 ,149 ,155 ,A033290
AP시스템,디스플레이 장비 및 부품,디스플레이 장비,140 ,7 ,114 ,A265520
에코프로비엠,IT 장비 및 소재,2차전지,142 ,108 ,137 ,A247540
썸에이지,미디어 및 엔터,게임,142 ,10 ,-36 ,A208640
KPX케미칼,화학,기타 화학,143 ,207 ,113 ,A025000
씨앤투스성진,섬유 및 의류,의류,143 ,92 ,78 ,A352700
현대엘리베이,기계,기계,144 ,266 ,492 ,A017800
미래에셋벤처투자,금융,기타 금융,144 ,185 ,63 ,A100790
세방,운송 및 물류,육상운송,145 ,-46 ,57 ,A004360
KCC건설,건설 및 건축자재,중견건설사,145 ,43 ,65 ,A021320
티와이홀딩스,건설 및 건축자재,대형건설사,146 ,"3,334 ",81 ,A363280
미원상사,화학,계면활성제,146 ,156 ,129 ,A002840
상상인,지주사,지주사,146 ,163 ,201 ,A038540
대성에너지,유틸리티,도시가스,146 ,68 ,-61 ,A117580
NICE평가정보,IT서비스,전자결제,147 ,96 ,109 ,A030190
아난티,레저산업,레저,147 ,8 ,-94 ,A025980
녹십자,제약 및 바이오,제약,148 ,148 ,609 ,A006280
롯데제과,식음료,식료품,148 ,-35 ,264 ,A280360
세아홀딩스,지주사,지주사,148 ,"-1,714 ",-66 ,A058650
대성홀딩스,지주사,지주사,149 ,13 ,245 ,A016710
흥국화재,금융,손해보험,149 ,82 ,10 ,A000540
종근당,제약 및 바이오,제약,150 ,112 ,349 ,A185750
동국제약,제약 및 바이오,제약,151 ,90 ,170 ,A086450
LS ELECTRIC,기계,전력기자재,152 ,205 ,188 ,A010120
바이오니아,제약 및 바이오,바이오,152 ,349 ,26 ,A064550
일진머티리얼즈,IT 장비 및 소재,2차전지,155 ,71 ,70 ,A020150
아프리카TV,미디어 및 엔터,미디어,155 ,97 ,111 ,A067160
한국알콜,화학,기타 화학,155 ,91 ,138 ,A017890
팜스코,식음료,사료,155 ,13 ,0 ,A036580
스튜디오드래곤,미디어 및 엔터,미디어,156 ,-29 ,106 ,A253450
현대일렉트릭,기계,기계,156 ,-270 ,65 ,A267260
동화기업,건설 및 건축자재,목재,158 ,83 ,93 ,A025900
KG이니시스,IT서비스,전자결제,158 ,75 ,104 ,A035600
BGF리테일,유통,편의점,159 ,262 ,515 ,A282330
롯데하이마트,유통,유통,159 ,-667 ,408 ,A071840
주성엔지니어링,반도체 관련장비 및 부품,반도체장비,159 ,98 ,-127 ,A036930
원익QNC,반도체 관련장비 및 부품,반도체 부품,160 ,64 ,64 ,A074600
KSS해운,운송 및 물류,해상운송,160 ,-67 ,82 ,A044450
아세아,지주사,지주사,160 ,175 ,95 ,A002030
코스맥스,가정용품,화장품,161 ,-95 ,58 ,A192820
매일유업,식음료,식료품,161 ,130 ,114 ,A267980
오스템임플란트,의료기기 및 용품,의료용품,162 ,419 ,474 ,A048260
KEC,반도체 관련장비 및 부품,반도체 부품,162 ,-442 ,-9 ,A092220
PI첨단소재,IT 장비 및 소재,IT 소재 및 부품,163 ,106 ,117 ,A178920
롯데칠성,식음료,음료,163 ,-565 ,323 ,A005300
미원에스씨,IT 장비 및 소재,IT 소재 및 부품,166 ,36 ,81 ,A268280
NICE,지주사,지주사,166 ,-48 ,146 ,A034310
스카이라이프,미디어 및 엔터,미디어,167 ,68 ,112 ,A053210
슈피겐코리아,IT 장비 및 소재,스마트폰 부품,167 ,9 ,297 ,A192440
이오테크닉스,반도체 관련장비 및 부품,반도체장비,168 ,-126 ,127 ,A039030
OQP,자동차 및 관련부품,차량 내장재,169 ,"-1,151 ",286 ,A078590
한라,건설 및 건축자재,중견건설사,169 ,445 ,349 ,A014790
우리종금,금융,기타 금융,170 ,128 ,187 ,A010050
하이브,미디어 및 엔터,미디어,171 ,0 ,253 ,A352820
이수화학,화학,종합 화학,172 ,"-1,212 ",162 ,A005950
현대비앤지스틸,철강 및 비철강,스테인리스,173 ,92 ,82 ,A004560
금호건설,건설 및 건축자재,중견건설사,174 ,-1 ,44 ,A002990
KCC,건설 및 건축자재,페인트,175 ,"5,652 ",-956 ,A002380
서울반도체,전기 및 전자기기,LED,175 ,-43 ,107 ,A046890
넥센,지주사,지주사,175 ,3 ,26 ,A005720
안랩,IT서비스,소프트웨어,176 ,38 ,54 ,A053800
파트론,IT 장비 및 소재,스마트폰 부품,176 ,45 ,156 ,A091700
LS네트웍스,섬유 및 의류,의류,176 ,-312 ,40 ,A000680
서흥,제약 및 바이오,제약,177 ,94 ,123 ,A008490
솔브레인홀딩스,반도체 관련장비 및 부품,반도체 부품,179 ,286 ,"13,142 ",A036830
SK증권,금융,증권,179 ,68 ,105 ,A001510
에프에스티,반도체 관련장비 및 부품,반도체 부품,181 ,13 ,43 ,A036810
한진중공업홀딩스,지주사,지주사,182 ,-53 ,-67 ,A003480
삼보판지,종이 및 용기,용기 및 포장재,184 ,119 ,70 ,A023600
휴젤,의료기기 및 용품,의료용품,186 ,118 ,98 ,A145020
한세예스24홀딩스,지주사,지주사,188 ,332 ,164 ,A016450
솔본,지주사,지주사,189 ,17 ,-5 ,A035610
한미약품,제약 및 바이오,제약,190 ,278 ,-308 ,A128940
티씨케이,반도체 관련장비 및 부품,반도체 부품,190 ,146 ,158 ,A064760
지누스,가정용품,가구,191 ,-93 ,197 ,A013890
넥센타이어,자동차 및 관련부품,타이어,191 ,-56 ,-120 ,A002350
신대양제지,종이 및 용기,종이,191 ,39 ,79 ,A016590
NHN,미디어 및 엔터,게임,194 ,-387 ,297 ,A181710
대상홀딩스,지주사,지주사,195 ,-24 ,297 ,A084690
한샘,가정용품,가구,196 ,203 ,190 ,A009240
드림텍,IT 장비 및 소재,스마트폰 부품,196 ,121 ,127 ,A192650
유진기업,건설 및 건축자재,시멘트 및 레미콘,196 ,-166 ,142 ,A023410
쌍용C&E,건설 및 건축자재,시멘트 및 레미콘,197 ,422 ,229 ,A003410
보령제약,제약 및 바이오,제약,198 ,45 ,76 ,A003850
엠피대산,식음료,식료품,198 ,-73 ,-47 ,A065150
LIG넥스원,기계,방위산업,199 ,114 ,132 ,A079550
국도화학,화학,합성수지,199 ,54 ,74 ,A007690
오리온홀딩스,지주사,지주사,201 ,141 ,228 ,A001800
경농,화학,비료 및 농약,201 ,-40 ,-48 ,A002100
계룡건설,건설 및 건축자재,중견건설사,203 ,227 ,334 ,A013580
한미반도체,반도체 관련장비 및 부품,반도체장비,204 ,100 ,183 ,A042700
네오위즈,미디어 및 엔터,게임,204 ,182 ,140 ,A095660
다날,IT서비스,전자결제,204 ,72 ,21 ,A064260
데브시스터즈,미디어 및 엔터,게임,205 ,-69 ,3 ,A194480
유한양행,제약 및 바이오,제약,206 ,127 ,304 ,A000100
디티알오토모티브,자동차 및 관련부품,타이어,206 ,79 ,166 ,A007340
펄어비스,미디어 및 엔터,게임,207 ,11 ,278 ,A263750
대한제강,철강 및 비철강,제강,207 ,-205 ,456 ,A084010
카카오게임즈,IT서비스,소프트웨어,208 ,255 ,279 ,A293490
명신산업,자동차 및 관련부품,기타 자동차부품,208 ,0 ,0 ,A009900
대동,기계,농업용기계,208 ,-122 ,38 ,A000490
동부건설,건설 및 건축자재,중견건설사,209 ,69 ,274 ,A005960
제넥신,제약 및 바이오,바이오,213 ,157 ,344 ,A095700
콜마비앤에이치,가정용품,화장품,214 ,163 ,182 ,A200130
피에스케이,반도체 관련장비 및 부품,반도체장비,215 ,-25 ,30 ,A319660
한세실업,섬유 및 의류,의류,216 ,99 ,422 ,A105630
골프존,레저산업,레저,219 ,57 ,118 ,A215000
삼양사,식음료,식료품,219 ,-57 ,237 ,A145990
한국토지신탁,일반서비스,부동산,219 ,182 ,270 ,A034830
부국증권,금융,증권,223 ,147 ,189 ,A001270
부산가스,유틸리티,도시가스,224 ,26 ,57 ,A015350
팜젠사이언스,제약 및 바이오,제약,224 ,63 ,25 ,A004720
성우하이텍,자동차 및 관련부품,차체부품,225 ,-42 ,-47 ,A015750
예스코홀딩스,지주사,지주사,225 ,-396 ,-414 ,A015360
휴켐스,화학,기타 화학,229 ,27 ,132 ,A069260
에이피티씨,반도체 관련장비 및 부품,반도체장비,229 ,106 ,22 ,A089970
위메이드,미디어 및 엔터,게임,232 ,-51 ,-85 ,A112040
신세계인터내셔날,섬유 및 의류,의류,234 ,248 ,52 ,A031430
한화시스템,기계,우주항공,238 ,396 ,313 ,A272210
세아제강지주,지주사,지주사,242 ,-43 ,102 ,A003030
동원개발,건설 및 건축자재,중견건설사,243 ,493 ,237 ,A013120
동진쎄미켐,디스플레이 장비 및 부품,디스플레이 부품,244 ,70 ,246 ,A005290
경동나비엔,기계,보일러,244 ,113 ,87 ,A009450
리노공업,반도체 관련장비 및 부품,반도체장비,245 ,72 ,146 ,A058470
한양증권,금융,증권,245 ,71 ,188 ,A001750
KCC글라스,건설 및 건축자재,창호,246 ,"1,090 ",102 ,A344820
BGF,지주사,지주사,248 ,15 ,174 ,A027410
동국제강,철강 및 비철강,제강,251 ,866 ,365 ,A001230
에스에프에이,디스플레이 장비 및 부품,디스플레이 장비,253 ,341 ,242 ,A056190
유진테크,반도체 관련장비 및 부품,반도체장비,253 ,-11 ,69 ,A084370
SBS,지주사,지주사,253 ,136 ,-640 ,A034120
한국자산신탁,일반서비스,부동산,253 ,331 ,351 ,A123890
원익IPS,반도체 관련장비 및 부품,반도체장비,256 ,-386 ,873 ,A240810
태영건설,건설 및 건축자재,중견건설사,267 ,-659 ,"5,375 ",A009410
원익홀딩스,지주사,지주사,267 ,-24 ,421 ,A030530
네오위즈홀딩스,지주사,지주사,269 ,100 ,194 ,A042420
애경유화,화학,기타 화학,272 ,83 ,147 ,A161000
씨에스윈드,에너지,풍력,277 ,-162 ,206 ,A112610
현대미포조선,조선,조선,277 ,-733 ,102 ,A010620
테스,반도체 관련장비 및 부품,반도체장비,279 ,50 ,60 ,A095610
KG동부제철,철강 및 비철강,강판,280 ,112 ,234 ,A016380
인탑스,IT 장비 및 소재,스마트폰 부품,280 ,197 ,111 ,A049070
한국단자,자동차 및 관련부품,전장부품,281 ,176 ,187 ,A025540
컴투스,미디어 및 엔터,게임,286 ,0 ,192 ,A078340
농심,식음료,식료품,290 ,341 ,295 ,A004370
하이트진로,식음료,음료,291 ,-139 ,323 ,A000080
SNT모티브,자동차 및 관련부품,기타 자동차부품,295 ,67 ,175 ,A064960
유진투자증권,금융,증권,298 ,171 ,127 ,A001200
현대그린푸드,식음료,식료품,299 ,-28 ,209 ,A005440
동원F&B,식음료,식료품,299 ,151 ,308 ,A049770
세종텔레콤,통신,통신서비스,299 ,249 ,130 ,A036630
현대위아,자동차 및 관련부품,엔진부품,309 ,-497 ,826 ,A011210
세방전지,자동차 및 관련부품,배터리,310 ,8 ,189 ,A004490
웹젠,미디어 및 엔터,게임,313 ,306 ,338 ,A069080
한라홀딩스,지주사,지주사,314 ,267 ,330 ,A060980
셀트리온헬스케어,제약 및 바이오,바이오,315 ,317 ,861 ,A091990
세진중공업,조선,조선기자재,315 ,-8 ,85 ,A075580
코오롱글로벌,건설 및 건축자재,중견건설사,322 ,92 ,300 ,A003070
제일기획,미디어 및 엔터,광고,325 ,581 ,419 ,A030000
아세아제지,종이 및 용기,종이,325 ,184 ,77 ,A002310
더블유게임즈,미디어 및 엔터,게임,326 ,283 ,325 ,A192080
한섬,섬유 및 의류,의류,326 ,312 ,197 ,A020000
고려제강,철강 및 비철강,선재(와이어),327 ,202 ,14 ,A002240
LX하우시스,건설 및 건축자재,창호,335 ,"-1,382 ",537 ,A108670
SK머티리얼즈,반도체 관련장비 및 부품,반도체 부품,347 ,322 ,313 ,A036490
동서,지주사,지주사,350 ,202 ,257 ,A026960
우리금융캐피탈,금융,기타 금융,350 ,-303 ,276 ,A033660
세아베스틸,철강 및 비철강,제강,351 ,"-2,489 ",-134 ,A001430
신영증권,금융,증권,353 ,653 ,421 ,A001720
GS리테일,유통,편의점,362 ,67 ,676 ,A007070
GS홈쇼핑,유통,홈쇼핑,369 ,388 ,325 ,A028150
유니드,화학,기타 화학,371 ,122 ,230 ,A014830
영원무역홀딩스,지주사,지주사,373 ,177 ,385 ,A009970
OCI,에너지,태양광,380 ,"-1,600 ",67 ,A010060
오뚜기,식음료,식료품,386 ,127 ,93 ,A007310
SKC,화학,합성수지,397 ,-417 ,26 ,A011790
코오롱,지주사,지주사,397 ,284 ,220 ,A002020
포스코케미칼,철강 및 비철강,광물,400 ,159 ,68 ,A003670
쿠쿠홈시스,가정용품,가전제품,401 ,127 ,184 ,A284740
롯데정밀화학,화학,합성수지,405 ,666 ,241 ,A004000
SK디스커버리,지주사,지주사,405 ,244 ,555 ,A006120
E1,석유 및 가스,가스판매,406 ,107 ,119 ,A017940
대상,식음료,식료품,407 ,-1 ,378 ,A001680
DB금융투자,금융,증권,408 ,441 ,289 ,A016610
쿠쿠홀딩스,가정용품,가전제품,410 ,196 ,276 ,A192400
한솔케미칼,IT 장비 및 소재,IT 소재 및 부품,412 ,189 ,396 ,A014680
현대차증권,금융,증권,412 ,-95 ,406 ,A001500
솔브레인,반도체 관련장비 및 부품,반도체 부품,414 ,263 ,370 ,A357780
KG케미칼,화학,비료 및 농약,414 ,139 ,-122 ,A001390
서희건설,건설 및 건축자재,중견건설사,416 ,340 ,340 ,A035890
인바이오젠,섬유 및 의류,신발,418 ,-322 ,-55 ,A101140
SK바이오사이언스,제약 및 바이오,바이오,419 ,91 ,322 ,A302440
에스원,IT서비스,보안서비스,419 ,274 ,318 ,A012750
효성화학,화학,기타 화학,419 ,-61 ,63 ,A298000
KG ETS,일반서비스,환경서비스,419 ,-835 ,-110 ,A151860
효성첨단소재,화학,기타 화학,423 ,218 ,73 ,A298050
HDC,지주사,지주사,424 ,446 ,-337 ,A012630
현대백화점,유통,백화점,434 ,172 ,284 ,A069960
한전KPS,유틸리티,전력,441 ,183 ,32 ,A051600
한국조선해양,조선,조선,447 ,"-8,805 ",-855 ,A009540
KTB투자증권,금융,증권,449 ,413 ,273 ,A030210
해성산업,일반서비스,부동산,449 ,-54 ,"3,486 ",A034810
동원산업,식음료,식료품,454 ,651 ,678 ,A006040
풍산,철강 및 비철강,구리,455 ,336 ,334 ,A103140
티케이케미칼,섬유 및 의류,섬유,467 ,137 ,23 ,A104480
DB하이텍,반도체 관련장비 및 부품,반도체 제조,478 ,136 ,470 ,A000990
한화투자증권,금융,증권,481 ,260 ,463 ,A003530
교보증권,금융,증권,482 ,294 ,333 ,A030610
현대건설기계,기계,기계,484 ,-237 ,29 ,A267270
현대홈쇼핑,유통,홈쇼핑,484 ,6 ,387 ,A057050
LS,전기 및 전자기기,케이블,488 ,551 ,478 ,A006260
이베스트투자증권,금융,증권,488 ,373 ,454 ,A078020
만도,자동차 및 관련부품,전장부품,491 ,729 ,369 ,A204320
영원무역,섬유 및 의류,의류,493 ,39 ,722 ,A111770
대한해운,운송 및 물류,해상운송,495 ,60 ,9 ,A005880
이화산업,섬유 및 의류,염료,496 ,-2 ,-18 ,A000760
SK케미칼,화학,종합 화학,497 ,-333 ,353 ,A285130
하림지주,지주사,지주사,503 ,160 ,95 ,A003380
코오롱인더,화학,종합 화학,504 ,131 ,106 ,A120110
LX세미콘,디스플레이 장비 및 부품,디스플레이 부품,508 ,160 ,370 ,A108320
SNT홀딩스,지주사,지주사,509 ,-2 ,90 ,A036530
코리안리,금융,재보험,520 ,120 ,194 ,A003690
CJ,지주사,지주사,522 ,"-1,564 ",632 ,A001040
에스엘,자동차 및 관련부품,기타 자동차부품,535 ,376 ,235 ,A005850
DL건설,건설 및 건축자재,중견건설사,542 ,158 ,436 ,A001880
SNT중공업,자동차 및 관련부품,변속기부품,545 ,17 ,-2 ,A003570
팬오션,운송 및 물류,해상운송,546 ,-137 ,421 ,A028670
메디톡스,의료기기 및 용품,의료용품,552 ,-177 ,0 ,A086900
한화손해보험,금융,손해보험,558 ,-161 ,169 ,A000370
SK가스,석유 및 가스,가스판매,563 ,68 ,716 ,A018670
넷마블,미디어 및 엔터,게임,564 ,"1,000 ",837 ,A251270
F&F홀딩스,지주사,지주사,565 ,492 ,85 ,A007700
다우데이타,IT서비스,소프트웨어,567 ,33 ,503 ,A032190
삼천리,유틸리티,도시가스,572 ,67 ,-98 ,A004690
영풍,철강 및 비철강,아연,574 ,-29 ,416 ,A000670
한온시스템,자동차 및 관련부품,공조부품,589 ,861 ,492 ,A018880
한국앤컴퍼니,자동차 및 관련부품,타이어,609 ,700 ,614 ,A000240
삼성바이오로직스,제약 및 바이오,바이오,610 ,962 ,561 ,A207940
LX인터내셔널,일반서비스,무역,611 ,109 ,249 ,A001120
롯데손해보험,금융,손해보험,628 ,-950 ,75 ,A000400
SK네트웍스,석유 및 가스,석유판매,638 ,-698 ,53 ,A001740
신세계,유통,면세점,700 ,122 ,-56 ,A004170
대한유화,화학,종합 화학,706 ,491 ,542 ,A006650
오리온,식음료,식료품,716 ,542 ,764 ,A271560
효성,지주사,지주사,717 ,260 ,-897 ,A004800
CJ ENM,미디어 및 엔터,미디어,736 ,-325 ,286 ,A035760
삼양홀딩스,지주사,지주사,750 ,386 ,260 ,A000070
엔씨소프트,미디어 및 엔터,게임,809 ,806 ,"1,532 ",A036570
태광산업,섬유 및 의류,섬유,832 ,-397 ,371 ,A003240
아모레G,지주사,지주사,846 ,-398 ,15 ,A002790
휠라홀딩스,섬유 및 의류,의류,850 ,59 ,596 ,A081660
한국전력,유틸리티,전력,857 ,"5,658 ","12,363 ",A015760
한화에어로스페이스,기계,방위산업,889 ,565 ,411 ,A012450
강남제비스코,건설 및 건축자재,페인트,897 ,96 ,49 ,A000860
우리기술투자,금융,기타 금융,910 ,168 ,119 ,A041190
이마트,유통,유통,912 ,"-1,159 ","1,131 ",A139480
HDC현대산업개발,건설 및 건축자재,대형건설사,916 ,891 ,-749 ,A294870
지역난방공사,유틸리티,전력,922 ,164 ,-226 ,A071320
포스코인터내셔널,일반서비스,무역,927 ,178 ,589 ,A047050
비덴트,전기 및 전자기기,전자기기,973 ,16 ,79 ,A121800
대신증권,금융,증권,974 ,566 ,722 ,A003540
롯데지주,지주사,지주사,988 ,"-2,340 ","1,431 ",A004990
두산중공업,기계,전력기자재,"1,051 ","-1,809 ","-1,486 ",A034020
동양생명,금융,생명보험,"1,065 ",207 ,225 ,A082640
삼성엔지니어링,건설 및 건축자재,대형건설사,"1,081 ",353 ,697 ,A028050
유안타증권,금융,증권,"1,110 ",430 ,378 ,A003470
다우기술,IT서비스,시스템서비스,"1,140 ",505 ,"1,226 ",A023590
두산밥캣,기계,기계,"1,154 ","1,038 ",694 ,A241560
DL이앤씨,건설 및 건축자재,대형건설사,"1,158 ",0 ,0 ,A375500
엑세스바이오,의료기기 및 용품,진단기기,"1,220 ",470 ,20 ,A950130
DGB금융지주,지주사,지주사,"1,235 ",560 ,912 ,A139130
코웨이,가정용품,가전제품,"1,258 ",675 ,"1,168 ",A021240
현대해상,금융,손해보험,"1,276 ",-80 ,"1,400 ",A001450
두산인프라코어,기계,중장비 및 관련품,"1,280 ",22 ,433 ,A042670
SK바이오팜,제약 및 바이오,바이오,"1,290 ",-581 ,-631 ,A326030
현대글로비스,운송 및 물류,육상운송,"1,296 ","1,684 ","1,622 ",A086280
메리츠화재,금융,손해보험,"1,315 ","1,110 ","1,108 ",A000060
JB금융지주,지주사,지주사,"1,323 ",654 ,"1,099 ",A175330
삼성SDI,IT 장비 및 소재,2차전지,"1,342 ","3,179 ","2,230 ",A006400
현대건설,건설 및 건축자재,대형건설사,"1,349 ","-1,134 ",557 ,A000720
아모레퍼시픽,가정용품,화장품,"1,352 ",-572 ,96 ,A090430
삼성카드,금융,기타 금융,"1,384 ",481 ,"1,281 ",A029780
효성티앤씨,화학,기타 화학,"1,402 ",884 ,415 ,A298020
대우건설,건설 및 건축자재,대형건설사,"1,479 ","1,130 ",564 ,A047040
현대중공업지주,지주사,지주사,"1,515 ","-3,696 ",25 ,A267250
HMM,운송 및 물류,해상운송,"1,541 ","1,368 ",246 ,A011200
GS건설,건설 및 건축자재,대형건설사,"1,541 ",62 ,968 ,A006360
삼성에스디에스,IT서비스,시스템서비스,"1,560 ","1,718 ","1,573 ",A018260
씨젠,의료기기 및 용품,진단기기,"1,646 ","1,865 ","1,515 ",A096530
CJ제일제당,식음료,식료품,"1,654 ",-98 ,"1,402 ",A097950
한국타이어앤테크놀로지,자동차 및 관련부품,타이어,"1,726 ","1,441 ","1,398 ",A161390
메리츠금융지주,지주사,지주사,"1,787 ","1,230 ","1,305 ",A138040
두산,지주사,지주사,"1,804 ","-2,142 ",-201 ,A000150
한진,운송 및 물류,육상운송,"1,918 ",-11 ,17 ,A002320
BNK금융지주,지주사,지주사,"1,927 ",719 ,"1,365 ",A138930
셀트리온,제약 및 바이오,바이오,"1,936 ",976 ,"1,707 ",A068270
LG유플러스,통신,통신서비스,"1,964 ","-2,222 ","3,969 ",A032640
메리츠증권,금융,증권,"2,094 ","1,423 ","1,607 ",A008560
고려아연,철강 및 비철강,아연,"2,096 ","1,520 ","1,680 ",A010130
현대제철,철강 및 비철강,제철,"2,099 ","-2,582 ",-453 ,A004020
DB손해보험,금융,손해보험,"2,179 ",602 ,"1,420 ",A005830
카카오,IT서비스,인터넷서비스,"2,245 ","-1,891 ","1,275 ",A035720
LG디스플레이,디스플레이 장비 및 부품,디스플레이 부품,"2,280 ","5,684 ",304 ,A034220
SK,지주사,지주사,"2,323 ","-1,414 ","5,080 ",A034730
삼성전기,IT 장비 및 소재,스마트폰 부품,"2,332 ","2,025 ","2,302 ",A009150
LG이노텍,IT 장비 및 소재,카메라모듈,"2,514 ","1,211 ",269 ,A011070
LG생활건강,가정용품,화장품,"2,550 ","1,399 ","2,272 ",A051900
NH투자증권,금융,증권,"2,575 ",756 ,"2,397 ",A005940
키움증권,금융,증권,"2,621 ","2,106 ","2,634 ",A039490
KT&G,식음료,식료품,"2,735 ","3,078 ","2,782 ",A033780
삼성증권,금융,증권,"2,890 ","1,269 ","2,337 ",A016360
미래에셋증권,금융,증권,"2,912 ","1,849 ","2,284 ",A006800
KT,통신,통신서비스,"3,026 ",691 ,"2,034 ",A030200
한화,지주사,지주사,"3,027 ","-2,002 ","1,631 ",A000880
한화생명,금융,생명보험,"3,115 ",-489 ,"1,254 ",A088350
DL,지주사,지주사,"3,181 ",-768 ,"2,037 ",A000210
S-OIL,석유 및 가스,정유,"3,447 ","1,211 ",303 ,A010950
한화솔루션,에너지,태양광,"3,864 ",-943 ,"1,906 ",A009830
한국금융지주,지주사,지주사,"4,018 ","3,428 ","2,486 ",A071050
에스디바이오센서,의료기기 및 용품,의료용품,"4,370 ",0 ,0 ,A137310
삼성화재,금융,손해보험,"4,376 ","1,031 ","1,979 ",A000810
금호석유,화학,합성고무,"4,755 ","2,094 ","1,462 ",A011780
롯데케미칼,화학,종합 화학,"5,063 ",753 ,"1,407 ",A011170
한국가스공사,유틸리티,도시가스,"5,130 ",770 ,"-2,817 ",A036460
GS,지주사,지주사,"5,498 ","-1,352 ","2,339 ",A078930
SK텔레콤,통신,통신서비스,"5,583 ","3,817 ","3,869 ",A017670
기업은행,금융,은행,"5,891 ","3,579 ","3,612 ",A024110
현대모비스,자동차 및 관련부품,기타 자동차부품,"5,998 ","5,568 ","3,897 ",A012330
우리금융지주,금융,은행,"6,671 ","1,665 ","4,802 ",A316140
하나금융지주,지주사,지주사,"8,357 ","5,328 ","7,584 ",A086790
삼성물산,지주사,지주사,"8,711 ","2,344 ","2,900 ",A028260
SK하이닉스,반도체 관련장비 및 부품,종합 반도체,"9,904 ","17,821 ","10,773 ",A000660
LG전자,전기 및 전자기기,전자기기,"9,983 ","2,603 ","6,261 ",A066570
POSCO,철강 및 비철강,제철,"10,247 ","7,010 ","4,655 ",A005490
기아,자동차 및 관련부품,완성차,"10,350 ","9,616 ","1,337 ",A000270
LG,지주사,지주사,"10,400 ",139 ,"7,424 ",A003550
삼성생명,금융,생명보험,"10,881 ","2,707 ","3,166 ",A032830
신한지주,지주사,지주사,"11,919 ","4,644 ","11,447 ",A055550
KB금융,금융,은행,"12,700 ","5,772 ","11,666 ",A105560
LG화학,화학,종합 화학,"13,067 ","-4,030 ","5,123 ",A051910
현대차,자동차 및 관련부품,완성차,"13,273 ","10,698 ","-3,361 ",A005380
삼성전자,반도체 관련장비 및 부품,종합 반도체,"70,928 ","64,455 ","92,668 ",A005930
NAVER,IT서비스,인터넷서비스,"153,105 ","4,246 ","2,455 ",A035420
